protocol,split,size,method,runs,solved,solved_rate,shifted_gmean_wall_time,shifted_gmean_nodes,median_wall_time,median_nodes,mean_final_gap,finite_gap_runs,par2,average_rank,rl_inference_total,rl_inference_fraction,fallback_count,paired_speedup,paired_speedup_ci_low,paired_speedup_ci_high,wins,ties,losses
controlled-bbmdp,test,small,default,5,5,1.0,1.828939777471125,1.6390158215457884,1.6563404,1.0,0.0,5,1.9691599384,1.8,0.0,0.0,0,1.0,1.0,1.0,0,35,0
controlled-bbmdp,test,small,mostinf,5,5,1.0,1.6452583365620672,2.3405553046696213,1.68296551,1.0,0.0,5,1.6853603246000002,2.6,0.0,0.0,0,1.1229920916983478,1.026547184001793,1.2490223425155917,8,23,4
controlled-bbmdp,test,small,random,5,5,1.0,1.6653697325653143,2.2307885324043553,1.809875604,1.0,0.0,5,1.7023206974,4.2,0.0,0.0,0,1.1427167944451293,1.038547879673407,1.2779248891367727,9,22,4
controlled-bbmdp,test,small,relpscost,5,5,1.0,1.8452773801829316,1.6390158215457884,1.684605866,1.0,0.0,5,1.9857989294,3.2,0.0,0.0,0,0.9985071627470171,0.9968999289138595,0.9998839523015793,2,27,6
controlled-bbmdp,test,small,rl-gcnn,5,5,1.0,3.9541791176154204,2.3405553046696213,3.645265215,1.0,0.0,5,4.1673033592,7.0,2.762882268,0.2558518551855686,0,0.9060796974195503,0.8115767038195946,0.998303684242758,1,26,8
controlled-bbmdp,test,small,rl-mlp,5,5,1.0,2.062571166492472,2.031433133020796,2.152446799,1.0,0.0,5,2.100360512,5.4,0.004936456,0.0006531538755068223,0,0.9776330425328387,0.9405026053597004,1.0135702576885595,1,27,7
controlled-bbmdp,test,small,strong,5,5,1.0,2.1234545351774905,1.8619381622105111,1.683284735,1.0,0.0,5,2.5593218078,3.8,0.0,0.0,0,0.8853992649152933,0.7125650379503248,0.9896619169633735,0,0,5
controlled-bbmdp,transfer,large,default,10,0,0.0,34.09586760078052,0.4142135623730949,34.7842269105,0.5,,0,60.0,3.5,0.0,0.0,0,1.0,1.0,1.0,0,35,0
controlled-bbmdp,transfer,large,mostinf,10,0,0.0,34.10496492430256,0.4142135623730949,34.7806545505,0.5,,0,60.0,3.5,0.0,0.0,0,1.1229920916983478,1.026547184001793,1.2490223425155917,8,23,4
controlled-bbmdp,transfer,large,random,10,0,0.0,33.9966870943979,0.4142135623730949,34.809882949,0.5,,0,60.0,3.5,0.0,0.0,0,1.1427167944451293,1.038547879673407,1.2779248891367727,9,22,4
controlled-bbmdp,transfer,large,relpscost,10,0,0.0,34.09881868587321,0.4142135623730949,34.88816428449999,0.5,,0,60.0,3.5,0.0,0.0,0,0.9985071627470171,0.9968999289138595,0.9998839523015793,2,27,6
controlled-bbmdp,transfer,large,rl-gcnn,10,0,0.0,36.44830592849941,0.4142135623730949,36.9740490515,0.5,,0,60.0,3.5,0.0,0.0,0,0.9060796974195503,0.8115767038195946,0.998303684242758,1,26,8
controlled-bbmdp,transfer,large,rl-mlp,10,0,0.0,34.516084840414436,0.4142135623730949,34.9877982915,0.5,,0,60.0,3.5,0.0,0.0,0,0.9776330425328387,0.9405026053597004,1.0135702576885595,1,27,7
controlled-bbmdp,transfer,medium,default,15,0,0.0,30.838286438402676,2.0333183165914024,30.853077355,1.0,0.0840867577107423,3,60.0,3.6666666666666665,0.0,0.0,0,1.0,1.0,1.0,0,35,0
controlled-bbmdp,transfer,medium,mostinf,15,2,0.13333333333333333,30.291519584694516,9.623344248460413,30.671077191,1.0,0.050090334036556175,4,55.62625175586666,3.2666666666666666,0.0,0.0,0,1.1229920916983478,1.026547184001793,1.2490223425155917,8,23,4
controlled-bbmdp,transfer,medium,random,15,3,0.2,30.279747255959887,9.759995718192572,30.668388778,1.0,0.0445063000364675,4,53.6801579986,3.066666666666667,0.0,0.0,0,1.1427167944451293,1.038547879673407,1.2779248891367727,9,22,4
controlled-bbmdp,transfer,medium,relpscost,15,0,0.0,30.771395247663317,1.9885279373210922,30.727106111,1.0,0.0840867577107423,3,60.0,3.6666666666666665,0.0,0.0,0,0.9985071627470171,0.9968999289138595,0.9998839523015793,2,27,6
controlled-bbmdp,transfer,medium,rl-gcnn,15,0,0.0,32.727967468831274,5.730416055529918,32.690241956,1.0,0.0840867577107423,3,60.0,3.6666666666666665,21.015520578999997,0.04645098966968621,0,0.9060796974195503,0.8115767038195946,0.998303684242758,1,26,8
controlled-bbmdp,transfer,medium,rl-mlp,15,0,0.0,31.222826763631275,10.038081665378026,31.18992982,1.0,0.0741526743487233,3,60.0,3.6666666666666665,0.5641074039999999,0.001248146071062424,0,0.9776330425328387,0.9405026053597004,1.0135702576885595,1,27,7
controlled-bbmdp,validation,medium,default,5,3,0.6,23.593964618362747,3.1825582103650927,20.797972419,1.0,0.0,3,35.9636334404,3.9,0.0,0.0,0,1.0,1.0,1.0,0,35,0
controlled-bbmdp,validation,medium,mostinf,5,5,1.0,20.574512546199525,7.613024217461064,20.560367598,1.0,0.0,5,20.653156115199998,1.4,0.0,0.0,0,1.1229920916983478,1.026547184001793,1.2490223425155917,8,23,4
controlled-bbmdp,validation,medium,random,5,5,1.0,20.528129887996073,7.222437857035596,20.515857782,1.0,0.0,5,20.5880121562,1.6,0.0,0.0,0,1.1427167944451293,1.038547879673407,1.2779248891367727,9,22,4
controlled-bbmdp,validation,medium,relpscost,5,3,0.6,23.657354306247882,3.1825582103650927,21.029386613,1.0,0.0,3,35.993926966,4.1,0.0,0.0,0,0.9985071627470171,0.9968999289138595,0.9998839523015793,2,27,6
controlled-bbmdp,validation,medium,rl-gcnn,5,4,0.8,24.634568148428862,6.674580766501223,22.735965575,1.0,0.0,4,30.498216984600003,5.1,6.624533502,0.05869731155002012,0,0.9060796974195503,0.8115767038195946,0.998303684242758,1,26,8
controlled-bbmdp,validation,medium,rl-mlp,5,3,0.6,24.09590503555795,8.67727064749837,21.529850823,1.0,0.0,3,36.2335491992,4.9,0.08412346,0.0007103052422204215,0,0.9776330425328387,0.9405026053597004,1.0135702576885595,1,27,7
production-scip,test,small,default,5,5,1.0,1.8902925243136002,1.7594593229224293,1.679033809,1.0,0.0,5,2.0600147836,2.2,0.0,0.0,0,1.0,1.0,1.0,0,35,0
production-scip,test,small,mostinf,5,5,1.0,1.6372685126888857,1.9081223022019946,1.685917539,1.0,0.0,5,1.6727212043999997,2.2,0.0,0.0,0,1.1089824919684852,1.024106880709611,1.2211824397162852,8,23,4
production-scip,test,small,random,5,5,1.0,1.6496824083942672,1.4022488679628622,1.742995344,1.0,0.0,5,1.6836617524000002,3.2,0.0,0.0,0,1.077492981602078,0.9796415236197731,1.1962908333796272,5,23,7
production-scip,test,small,relpscost,5,5,1.0,1.89133612414797,1.7594593229224293,1.686084031,1.0,0.0,5,2.0503393018000002,3.2,0.0,0.0,0,0.9991345100252234,0.9973338833087596,1.0011820122913848,1,26,8
production-scip,test,small,rl-gcnn,5,5,1.0,3.8905196653543017,1.701920077041227,3.525648508,1.0,0.0,5,4.0591249602,6.8,2.667011908,0.2541439630024455,0,0.965850122921742,0.8548657486311486,1.0946552186653837,5,22,8
production-scip,test,small,rl-mlp,5,5,1.0,2.0174574255112567,1.951546323189104,2.080563024,1.0,0.0,5,2.0556255977999998,5.4,0.002848015,0.00036824567546348545,0,1.0214429973543455,0.9635725770252199,1.0889754828118288,3,25,7
production-scip,test,small,strong,5,5,1.0,2.459269568321746,2.1374348530720995,1.713767815,1.0,0.0,5,3.4321937155999995,5.0,0.0,0.0,0,0.8067364611943378,0.5593039632687692,0.9743381036723293,0,0,5
production-scip,transfer,large,default,10,0,0.0,34.11120306766461,0.4142135623730949,34.784857911,0.5,,0,60.0,3.5,0.0,0.0,0,1.0,1.0,1.0,0,35,0
production-scip,transfer,large,mostinf,10,0,0.0,34.096779575836194,0.4142135623730949,34.786277781500004,0.5,,0,60.0,3.5,0.0,0.0,0,1.1089824919684852,1.024106880709611,1.2211824397162852,8,23,4
production-scip,transfer,large,random,10,0,0.0,33.9522874585621,0.4142135623730949,34.771596476,0.5,,0,60.0,3.5,0.0,0.0,0,1.077492981602078,0.9796415236197731,1.1962908333796272,5,23,7
production-scip,transfer,large,relpscost,10,0,0.0,34.14968060412548,0.4142135623730949,34.7669689565,0.5,,0,60.0,3.5,0.0,0.0,0,0.9991345100252234,0.9973338833087596,1.0011820122913848,1,26,8
production-scip,transfer,large,rl-gcnn,10,0,0.0,35.759668567686475,0.4142135623730949,36.7380796295,0.5,,0,60.0,3.5,0.0,0.0,0,0.965850122921742,0.8548657486311486,1.0946552186653837,5,22,8
production-scip,transfer,large,rl-mlp,10,0,0.0,34.4073856892579,0.4142135623730949,35.0358056995,0.5,,0,60.0,3.5,0.0,0.0,0,1.0214429973543455,0.9635725770252199,1.0889754828118288,3,25,7
production-scip,transfer,medium,default,15,0,0.0,30.750035025351508,1.9885279373210922,30.736719671,1.0,0.0840867577107423,3,60.0,3.8,0.0,0.0,0,1.0,1.0,1.0,0,35,0
production-scip,transfer,medium,mostinf,15,2,0.13333333333333333,30.07541143564959,8.682484031437602,30.664087621,1.0,0.000897877675024024,5,55.48109283393333,3.4,0.0,0.0,0,1.1089824919684852,1.024106880709611,1.2211824397162852,8,23,4
production-scip,transfer,medium,random,15,3,0.2,29.26834039571049,6.333404303848217,30.697923572,1.0,0.005342904662742675,4,52.799731911,3.033333333333333,0.0,0.0,0,1.077492981602078,0.9796415236197731,1.1962908333796272,5,23,7
production-scip,transfer,medium,relpscost,15,0,0.0,30.805432794054443,1.9885279373210922,30.782035725,1.0,0.0840867577107423,3,60.0,3.8,0.0,0.0,0,0.9991345100252234,0.9973338833087596,1.0011820122913848,1,26,8
production-scip,transfer,medium,rl-gcnn,15,3,0.2,32.332820129763995,4.571225197775175,32.582460796,1.0,0.0001574710900409,4,54.20131567573333,3.3666666666666667,18.575133905,0.041532410504656156,0,0.965850122921742,0.8548657486311486,1.0946552186653837,5,22,8
production-scip,transfer,medium,rl-mlp,15,1,0.06666666666666667,30.804953019728128,7.413330131141567,31.045872396,1.0,0.048024460568962854,4,57.78562296333333,3.6,0.286549818,0.0006403229153082654,0,1.0214429973543455,0.9635725770252199,1.0889754828118288,3,25,7
production-scip,validation,medium,default,5,4,0.8,23.26901362817052,2.9287570174054607,20.708880306,1.0,0.0,4,29.6543088412,2.7,0.0,0.0,0,1.0,1.0,1.0,0,35,0
production-scip,validation,medium,mostinf,5,5,1.0,20.388016462143096,7.0953558103467405,20.51666813,1.0,0.0,5,20.427355943600002,2.0,0.0,0.0,0,1.1089824919684852,1.024106880709611,1.2211824397162852,8,23,4
production-scip,validation,medium,random,5,3,0.6,23.560146460967875,4.92402612457345,20.77173844,1.0,0.02754808418555778,5,35.888829841799996,3.5,0.0,0.0,0,1.077492981602078,0.9796415236197731,1.1962908333796272,5,23,7
production-scip,validation,medium,relpscost,5,4,0.8,23.345215986563044,2.9287570174054607,20.755057491,1.0,0.0,4,29.732569885600004,4.3,0.0,0.0,0,0.9991345100252234,0.9973338833087596,1.0011820122913848,1,26,8
production-scip,validation,medium,rl-gcnn,5,5,1.0,23.826077730139424,5.093346248827459,22.441568066,1.0,0.0,5,24.0476218106,4.6,6.189306233,0.05692498964520462,0,0.965850122921742,0.8548657486311486,1.0946552186653837,5,22,8
production-scip,validation,medium,rl-mlp,5,4,0.8,21.541398389514146,3.982923758462068,20.859973734,1.0,0.025024627292683198,5,27.7588369892,3.9,0.01673743,0.00015802707887816668,0,1.0214429973543455,0.9635725770252199,1.0889754828118288,3,25,7
controlled-bbmdp,all,all,default,35,8,0.22857142857142856,21.32700486532797,1.503363941339249,30.853077355,1.0,0.022932752102929718,11,48.27611333982857,3.3857142857142857,0.0,0.0,0,1.0,1.0,1.0,0,35,0
controlled-bbmdp,all,all,mostinf,35,12,0.34285714285714286,20.545004560945276,3.9119670194821117,30.671077191,1.0,0.014311524010444622,14,44.17389595819999,2.9714285714285715,0.0,0.0,0,1.1229920916983478,1.026547184001793,1.2490223425155917,8,23,4
controlled-bbmdp,all,all,random,35,13,0.37142857142857144,20.53920254572326,3.8829491695535605,30.668388778,1.0,0.012716085724705001,14,43.33297240705714,3.142857142857143,0.0,0.0,0,1.1427167944451293,1.038547879673407,1.2779248891367727,9,22,4
controlled-bbmdp,all,all,relpscost,35,8,0.22857142857142856,21.33399534197584,1.4874544389813402,30.727106111,1.0,0.022932752102929718,11,48.28281798505714,3.6142857142857143,0.0,0.0,0,0.9985071627470171,0.9968999289138595,0.9998839523015793,2,27,6
controlled-bbmdp,all,all,rl-gcnn,35,9,0.2571428571428571,24.406656177473383,2.9732602126842727,32.690241956,1.0,0.021021689427685574,12,47.80936004911428,4.3,30.402936348999997,0.03426134462005486,0,0.9060796974195503,0.8115767038195946,0.998303684242758,1,26,8
controlled-bbmdp,all,all,rl-mlp,35,8,0.22857142857142856,21.841182829968098,4.007112895044916,31.18992982,1.0,0.0202234566405609,11,48.33341567302857,4.042857142857143,0.65316732,0.0007352316902784427,0,0.9776330425328387,0.9405026053597004,1.0135702576885595,1,27,7
controlled-bbmdp,all,all,strong,5,5,1.0,2.1234545351774905,1.8619381622105111,1.683284735,1.0,0.0,5,2.5593218078,3.8,0.0,0.0,0,0.8853992649152933,0.7125650379503248,0.9896619169633735,0,0,5
production-scip,all,all,default,35,9,0.2571428571428571,21.329242798870133,1.4810765288573688,30.736719671,1.0,0.021021689427685574,12,47.387760517828575,3.3285714285714287,0.0,0.0,0,1.0,1.0,1.0,0,35,0
production-scip,all,all,mostinf,35,12,0.34285714285714286,20.443784632939643,3.5872079119635654,30.664087621,1.0,0.00029929255834134136,15,44.077622235685716,3.057142857142857,0.0,0.0,0,1.1089824919684852,1.024106880709611,1.2211824397162852,8,23,4
production-scip,all,all,random,35,11,0.3142857142857143,20.61539198608845,2.7896352070505563,30.697923572,1.0,0.011365145684197114,14,45.13881247531429,3.257142857142857,0.0,0.0,0,1.077492981602078,0.9796415236197731,1.1962908333796272,5,23,7
production-scip,all,all,relpscost,35,9,0.2571428571428571,21.364092132768274,1.4810765288573688,30.782035725,1.0,0.021021689427685574,12,47.39755845534285,3.7,0.0,0.0,0,0.9991345100252234,0.9973338833087596,1.0011820122913848,1,26,8
production-scip,all,all,rl-gcnn,35,13,0.37142857142857144,23.983906906382998,2.439435846006501,32.582460796,1.0,4.4991740011685715e-05,14,44.387241971142856,4.071428571428571,27.431452046,0.031370154363637666,0,0.965850122921742,0.8548657486311486,1.0946552186653837,5,22,8
production-scip,all,all,rl-mlp,35,10,0.2857142857142857,21.301173421173154,3.03840305620375,31.045872396,1.0,0.022658641338519102,14,46.16733306814285,3.8714285714285714,0.306135263,0.00035105425101167776,0,1.0214429973543455,0.9635725770252199,1.0889754828118288,3,25,7
production-scip,all,all,strong,5,5,1.0,2.459269568321746,2.1374348530720995,1.713767815,1.0,0.0,5,3.4321937155999995,5.0,0.0,0.0,0,0.8067364611943378,0.5593039632687692,0.9743381036723293,0,0,5
