instance_id,split,size,protocol,method,solver_method,seed,status,objective,primal_bound,dual_bound,gap,wall_time,presolve_time,solve_time,solve_time_after_presolve,nodes,lp_iterations,primal_dual_integral,first_solution_time,branch_decisions,rl_inference_total,rl_inference_mean,rl_inference_max,fallback_count,illegal_actions,legality_checks,n_vars,n_int_vars,n_constraints,active_branching_rule,node_selection_rule,threads,time_limit,node_limit,has_solution,solution_feasible,return_code,json_path,log_path,branch_log_path
real_08,validation,medium,production-scip,rl-gcnn-d5,rl-gcnn,0,time_limit,,,0.0096121,,32.267143996,1.42949,30.020285,28.590795,15,13117,3002.0277,,6,2.695342377,0.4492237295,1.432017257,9,0,6,27094,2880,65069,rlgcnn,estimate,1,30,-1,False,False,0,results/final/ablations/depth/raw/production-scip/real_08/production-scip__real_08__rl-gcnn-d5__seed0.json,results/final/ablations/depth/raw/production-scip/real_08/production-scip__real_08__rl-gcnn-d5__seed0.log,results/final/ablations/depth/raw/production-scip/real_08/production-scip__real_08__rl-gcnn-d5__seed0.branches.csv
real_08,validation,medium,production-scip,rl-gcnn-d5,rl-gcnn,1,optimal,0.00961209999999999,0.00961209999999999,0.00961209999999999,0,19.970900452,1.614191,17.673731,16.05954,1,9350,1759.7501,17.558759,0,0,0,0,0,0,0,27094,2880,65069,rlgcnn,estimate,1,30,-1,True,True,0,results/final/ablations/depth/raw/production-scip/real_08/production-scip__real_08__rl-gcnn-d5__seed1.json,results/final/ablations/depth/raw/production-scip/real_08/production-scip__real_08__rl-gcnn-d5__seed1.log,results/final/ablations/depth/raw/production-scip/real_08/production-scip__real_08__rl-gcnn-d5__seed1.branches.csv
real_08,validation,medium,production-scip,rl-gcnn-d5,rl-gcnn,2,optimal,0.00961209999999999,0.00961209999999999,0.00961209999999999,0,22.531272161,1.619402,20.218918,18.599516,1,12476,2014.2039,20.119174,0,0,0,0,0,0,0,27094,2880,65069,rlgcnn,estimate,1,30,-1,True,True,0,results/final/ablations/depth/raw/production-scip/real_08/production-scip__real_08__rl-gcnn-d5__seed2.json,results/final/ablations/depth/raw/production-scip/real_08/production-scip__real_08__rl-gcnn-d5__seed2.log,results/final/ablations/depth/raw/production-scip/real_08/production-scip__real_08__rl-gcnn-d5__seed2.branches.csv
real_08,validation,medium,production-scip,rl-gcnn-d5,rl-gcnn,3,optimal,0.00961209999999999,0.00961209999999999,0.00961209999999999,0,22.238281792,1.603538,19.920003,18.316465,1,9441,1985.4553,19.831569,0,0,0,0,0,0,0,27094,2880,65069,rlgcnn,estimate,1,30,-1,True,True,0,results/final/ablations/depth/raw/production-scip/real_08/production-scip__real_08__rl-gcnn-d5__seed3.json,results/final/ablations/depth/raw/production-scip/real_08/production-scip__real_08__rl-gcnn-d5__seed3.log,results/final/ablations/depth/raw/production-scip/real_08/production-scip__real_08__rl-gcnn-d5__seed3.branches.csv
real_08,validation,medium,production-scip,rl-gcnn-d5,rl-gcnn,4,time_limit,,,0.0096121,,32.290964179,1.611734,30.011908,28.400174,11,11686,3001.1903,,6,2.7327788,0.455463133333333,1.437333492,5,0,6,27094,2880,65069,rlgcnn,estimate,1,30,-1,False,False,0,results/final/ablations/depth/raw/production-scip/real_08/production-scip__real_08__rl-gcnn-d5__seed4.json,results/final/ablations/depth/raw/production-scip/real_08/production-scip__real_08__rl-gcnn-d5__seed4.log,results/final/ablations/depth/raw/production-scip/real_08/production-scip__real_08__rl-gcnn-d5__seed4.branches.csv
real_08,validation,medium,production-scip,rl-gcnn-d10,rl-gcnn,0,time_limit,,,0.0096121,,32.248200028,1.424145,30.013025,28.58888,21,13314,3001.3014,,11,2.754748782,0.250431707454545,1.434431199,10,0,11,27094,2880,65069,rlgcnn,estimate,1,30,-1,False,False,0,results/final/ablations/depth/raw/production-scip/real_08/production-scip__real_08__rl-gcnn-d10__seed0.json,results/final/ablations/depth/raw/production-scip/real_08/production-scip__real_08__rl-gcnn-d10__seed0.log,results/final/ablations/depth/raw/production-scip/real_08/production-scip__real_08__rl-gcnn-d10__seed0.branches.csv
real_08,validation,medium,production-scip,rl-gcnn-d10,rl-gcnn,1,optimal,0.00961209999999999,0.00961209999999999,0.00961209999999999,0,19.95528216,1.615307,17.617357,16.00205,1,9350,1754.1652,17.503301,0,0,0,0,0,0,0,27094,2880,65069,rlgcnn,estimate,1,30,-1,True,True,0,results/final/ablations/depth/raw/production-scip/real_08/production-scip__real_08__rl-gcnn-d10__seed1.json,results/final/ablations/depth/raw/production-scip/real_08/production-scip__real_08__rl-gcnn-d10__seed1.log,results/final/ablations/depth/raw/production-scip/real_08/production-scip__real_08__rl-gcnn-d10__seed1.branches.csv
real_08,validation,medium,production-scip,rl-gcnn-d10,rl-gcnn,2,optimal,0.00961209999999999,0.00961209999999999,0.00961209999999999,0,22.429861137,1.6065,20.177387,18.570887,1,12476,2010.036,20.077591,0,0,0,0,0,0,0,27094,2880,65069,rlgcnn,estimate,1,30,-1,True,True,0,results/final/ablations/depth/raw/production-scip/real_08/production-scip__real_08__rl-gcnn-d10__seed2.json,results/final/ablations/depth/raw/production-scip/real_08/production-scip__real_08__rl-gcnn-d10__seed2.log,results/final/ablations/depth/raw/production-scip/real_08/production-scip__real_08__rl-gcnn-d10__seed2.branches.csv
real_08,validation,medium,production-scip,rl-gcnn-d10,rl-gcnn,3,optimal,0.00961209999999999,0.00961209999999999,0.00961209999999999,0,22.238822795,1.61228,19.953256,18.340976,1,9441,1988.747,19.865751,0,0,0,0,0,0,0,27094,2880,65069,rlgcnn,estimate,1,30,-1,True,True,0,results/final/ablations/depth/raw/production-scip/real_08/production-scip__real_08__rl-gcnn-d10__seed3.json,results/final/ablations/depth/raw/production-scip/real_08/production-scip__real_08__rl-gcnn-d10__seed3.log,results/final/ablations/depth/raw/production-scip/real_08/production-scip__real_08__rl-gcnn-d10__seed3.branches.csv
real_08,validation,medium,production-scip,rl-gcnn-d10,rl-gcnn,4,time_limit,,,0.0096121,,32.243169364,1.602572,30.000609,28.398037,17,11749,3000.0605,,12,2.814508452,0.234542371,1.435564249,4,0,12,27094,2880,65069,rlgcnn,estimate,1,30,-1,False,False,0,results/final/ablations/depth/raw/production-scip/real_08/production-scip__real_08__rl-gcnn-d10__seed4.json,results/final/ablations/depth/raw/production-scip/real_08/production-scip__real_08__rl-gcnn-d10__seed4.log,results/final/ablations/depth/raw/production-scip/real_08/production-scip__real_08__rl-gcnn-d10__seed4.branches.csv
real_08,validation,medium,production-scip,rl-gcnn-d20,rl-gcnn,0,time_limit,,,0.0096121,,32.254520027,1.425837,30.006118,28.580281,32,13373,3000.611,,21,2.899562368,0.13807439847619,1.4390231,11,0,21,27094,2880,65069,rlgcnn,estimate,1,30,-1,False,False,0,results/final/ablations/depth/raw/production-scip/real_08/production-scip__real_08__rl-gcnn-d20__seed0.json,results/final/ablations/depth/raw/production-scip/real_08/production-scip__real_08__rl-gcnn-d20__seed0.log,results/final/ablations/depth/raw/production-scip/real_08/production-scip__real_08__rl-gcnn-d20__seed0.branches.csv
real_08,validation,medium,production-scip,rl-gcnn-d20,rl-gcnn,1,optimal,0.00961209999999999,0.00961209999999999,0.00961209999999999,0,19.998974658,1.615583,17.685197,16.069614,1,9350,1760.9086,17.570424,0,0,0,0,0,0,0,27094,2880,65069,rlgcnn,estimate,1,30,-1,True,True,0,results/final/ablations/depth/raw/production-scip/real_08/production-scip__real_08__rl-gcnn-d20__seed1.json,results/final/ablations/depth/raw/production-scip/real_08/production-scip__real_08__rl-gcnn-d20__seed1.log,results/final/ablations/depth/raw/production-scip/real_08/production-scip__real_08__rl-gcnn-d20__seed1.branches.csv
real_08,validation,medium,production-scip,rl-gcnn-d20,rl-gcnn,2,optimal,0.00961209999999999,0.00961209999999999,0.00961209999999999,0,22.427096739,1.605694,20.175398,18.569704,1,12476,2009.8989,20.076499,0,0,0,0,0,0,0,27094,2880,65069,rlgcnn,estimate,1,30,-1,True,True,0,results/final/ablations/depth/raw/production-scip/real_08/production-scip__real_08__rl-gcnn-d20__seed2.json,results/final/ablations/depth/raw/production-scip/real_08/production-scip__real_08__rl-gcnn-d20__seed2.log,results/final/ablations/depth/raw/production-scip/real_08/production-scip__real_08__rl-gcnn-d20__seed2.branches.csv
real_08,validation,medium,production-scip,rl-gcnn-d20,rl-gcnn,3,optimal,0.00961209999999999,0.00961209999999999,0.00961209999999999,0,22.245600737,1.604916,19.949213,18.344297,1,9441,1988.5477,19.864062,0,0,0,0,0,0,0,27094,2880,65069,rlgcnn,estimate,1,30,-1,True,True,0,results/final/ablations/depth/raw/production-scip/real_08/production-scip__real_08__rl-gcnn-d20__seed3.json,results/final/ablations/depth/raw/production-scip/real_08/production-scip__real_08__rl-gcnn-d20__seed3.log,results/final/ablations/depth/raw/production-scip/real_08/production-scip__real_08__rl-gcnn-d20__seed3.branches.csv
real_08,validation,medium,production-scip,rl-gcnn-d20,rl-gcnn,4,optimal,0.0096121,0.0096121,0.0096121,0,27.207832679,1.587599,24.836686,23.249087,14,11867,2481.7029,24.811408,14,2.774915141,0.198208224357143,1.42614895,0,0,14,27094,2880,65069,rlgcnn,estimate,1,30,-1,True,True,0,results/final/ablations/depth/raw/production-scip/real_08/production-scip__real_08__rl-gcnn-d20__seed4.json,results/final/ablations/depth/raw/production-scip/real_08/production-scip__real_08__rl-gcnn-d20__seed4.log,results/final/ablations/depth/raw/production-scip/real_08/production-scip__real_08__rl-gcnn-d20__seed4.branches.csv
real_08,validation,medium,production-scip,rl-gcnn-d50,rl-gcnn,0,time_limit,,,0.0096121,,32.269532463,1.42394,30.018798,28.594858,59,13428,3001.8774,,51,3.254244365,0.0638087130392157,1.440373007,9,0,51,27094,2880,65069,rlgcnn,estimate,1,30,-1,False,False,0,results/final/ablations/depth/raw/production-scip/real_08/production-scip__real_08__rl-gcnn-d50__seed0.json,results/final/ablations/depth/raw/production-scip/real_08/production-scip__real_08__rl-gcnn-d50__seed0.log,results/final/ablations/depth/raw/production-scip/real_08/production-scip__real_08__rl-gcnn-d50__seed0.branches.csv
real_08,validation,medium,production-scip,rl-gcnn-d50,rl-gcnn,1,optimal,0.00961209999999999,0.00961209999999999,0.00961209999999999,0,19.964975529,1.601092,17.602906,16.001814,1,9350,1752.7003,17.488892,0,0,0,0,0,0,0,27094,2880,65069,rlgcnn,estimate,1,30,-1,True,True,0,results/final/ablations/depth/raw/production-scip/real_08/production-scip__real_08__rl-gcnn-d50__seed1.json,results/final/ablations/depth/raw/production-scip/real_08/production-scip__real_08__rl-gcnn-d50__seed1.log,results/final/ablations/depth/raw/production-scip/real_08/production-scip__real_08__rl-gcnn-d50__seed1.branches.csv
real_08,validation,medium,production-scip,rl-gcnn-d50,rl-gcnn,2,optimal,0.00961209999999999,0.00961209999999999,0.00961209999999999,0,22.545338962,1.633067,20.215346,18.582279,1,12476,2013.8939,20.116237,0,0,0,0,0,0,0,27094,2880,65069,rlgcnn,estimate,1,30,-1,True,True,0,results/final/ablations/depth/raw/production-scip/real_08/production-scip__real_08__rl-gcnn-d50__seed2.json,results/final/ablations/depth/raw/production-scip/real_08/production-scip__real_08__rl-gcnn-d50__seed2.log,results/final/ablations/depth/raw/production-scip/real_08/production-scip__real_08__rl-gcnn-d50__seed2.branches.csv
real_08,validation,medium,production-scip,rl-gcnn-d50,rl-gcnn,3,optimal,0.00961209999999999,0.00961209999999999,0.00961209999999999,0,22.23211621,1.607972,19.91666,18.308688,1,9441,1985.3016,19.831553,0,0,0,0,0,0,0,27094,2880,65069,rlgcnn,estimate,1,30,-1,True,True,0,results/final/ablations/depth/raw/production-scip/real_08/production-scip__real_08__rl-gcnn-d50__seed3.json,results/final/ablations/depth/raw/production-scip/real_08/production-scip__real_08__rl-gcnn-d50__seed3.log,results/final/ablations/depth/raw/production-scip/real_08/production-scip__real_08__rl-gcnn-d50__seed3.branches.csv
real_08,validation,medium,production-scip,rl-gcnn-d50,rl-gcnn,4,optimal,0.0096121,0.0096121,0.0096121,0,27.319814103,1.613146,24.994411,23.381265,14,11867,2497.5042,24.969307,14,2.81706371,0.201218836428571,1.432231137,0,0,14,27094,2880,65069,rlgcnn,estimate,1,30,-1,True,True,0,results/final/ablations/depth/raw/production-scip/real_08/production-scip__real_08__rl-gcnn-d50__seed4.json,results/final/ablations/depth/raw/production-scip/real_08/production-scip__real_08__rl-gcnn-d50__seed4.log,results/final/ablations/depth/raw/production-scip/real_08/production-scip__real_08__rl-gcnn-d50__seed4.branches.csv
real_08,validation,medium,production-scip,rl-gcnn-unlimited,rl-gcnn,0,optimal,0.0096121,0.0096121,0.0096121,0,28.769906971,1.531877,26.448739,24.916862,69,13338,2643.0734,26.418187,64,3.379981032,0.052812203625,1.434441306,0,0,64,27094,2880,65069,rlgcnn,estimate,1,30,-1,True,True,0,results/final/ablations/depth/raw/production-scip/real_08/production-scip__real_08__rl-gcnn-unlimited__seed0.json,results/final/ablations/depth/raw/production-scip/real_08/production-scip__real_08__rl-gcnn-unlimited__seed0.log,results/final/ablations/depth/raw/production-scip/real_08/production-scip__real_08__rl-gcnn-unlimited__seed0.branches.csv
real_08,validation,medium,production-scip,rl-gcnn-unlimited,rl-gcnn,1,optimal,0.00961209999999999,0.00961209999999999,0.00961209999999999,0,19.953673537,1.611635,17.645875,16.03424,1,9350,1757.0081,17.531504,0,0,0,0,0,0,0,27094,2880,65069,rlgcnn,estimate,1,30,-1,True,True,0,results/final/ablations/depth/raw/production-scip/real_08/production-scip__real_08__rl-gcnn-unlimited__seed1.json,results/final/ablations/depth/raw/production-scip/real_08/production-scip__real_08__rl-gcnn-unlimited__seed1.log,results/final/ablations/depth/raw/production-scip/real_08/production-scip__real_08__rl-gcnn-unlimited__seed1.branches.csv
real_08,validation,medium,production-scip,rl-gcnn-unlimited,rl-gcnn,2,optimal,0.00961209999999999,0.00961209999999999,0.00961209999999999,0,22.529797791,1.612418,20.18149,18.569072,1,12476,2010.4728,20.083071,0,0,0,0,0,0,0,27094,2880,65069,rlgcnn,estimate,1,30,-1,True,True,0,results/final/ablations/depth/raw/production-scip/real_08/production-scip__real_08__rl-gcnn-unlimited__seed2.json,results/final/ablations/depth/raw/production-scip/real_08/production-scip__real_08__rl-gcnn-unlimited__seed2.log,results/final/ablations/depth/raw/production-scip/real_08/production-scip__real_08__rl-gcnn-unlimited__seed2.branches.csv
real_08,validation,medium,production-scip,rl-gcnn-unlimited,rl-gcnn,3,optimal,0.00961209999999999,0.00961209999999999,0.00961209999999999,0,22.273729522,1.630854,19.955326,18.324472,1,9441,1989.1746,19.869086,0,0,0,0,0,0,0,27094,2880,65069,rlgcnn,estimate,1,30,-1,True,True,0,results/final/ablations/depth/raw/production-scip/real_08/production-scip__real_08__rl-gcnn-unlimited__seed3.json,results/final/ablations/depth/raw/production-scip/real_08/production-scip__real_08__rl-gcnn-unlimited__seed3.log,results/final/ablations/depth/raw/production-scip/real_08/production-scip__real_08__rl-gcnn-unlimited__seed3.branches.csv
real_08,validation,medium,production-scip,rl-gcnn-unlimited,rl-gcnn,4,optimal,0.0096121,0.0096121,0.0096121,0,27.237980973,1.603205,24.92423,23.321025,14,11867,2490.5051,24.899545,14,2.800531805,0.200037986071429,1.431072898,0,0,14,27094,2880,65069,rlgcnn,estimate,1,30,-1,True,True,0,results/final/ablations/depth/raw/production-scip/real_08/production-scip__real_08__rl-gcnn-unlimited__seed4.json,results/final/ablations/depth/raw/production-scip/real_08/production-scip__real_08__rl-gcnn-unlimited__seed4.log,results/final/ablations/depth/raw/production-scip/real_08/production-scip__real_08__rl-gcnn-unlimited__seed4.branches.csv
real_09,test,small,production-scip,rl-gcnn-d5,rl-gcnn,0,optimal,0.0022776,0.0022776,0.0022776,0,8.177085529,0.457052,6.20394,5.746888,12,3586,249.005705906901,0.735082,6,2.732333125,0.455388854166667,1.432778195,5,0,6,10746,2668,22075,rlgcnn,estimate,1,30,-1,True,True,0,results/final/ablations/depth/raw/production-scip/real_09/production-scip__real_09__rl-gcnn-d5__seed0.json,results/final/ablations/depth/raw/production-scip/real_09/production-scip__real_09__rl-gcnn-d5__seed0.log,results/final/ablations/depth/raw/production-scip/real_09/production-scip__real_09__rl-gcnn-d5__seed0.branches.csv
real_09,test,small,production-scip,rl-gcnn-d5,rl-gcnn,1,optimal,0.0022776,0.0022776,0.0022776,0,2.71713099,0.495919,0.804702,0.308783,1,1907,79.0261209937878,0.7394,0,0,0,0,0,0,0,10746,2668,22075,rlgcnn,estimate,1,30,-1,True,True,0,results/final/ablations/depth/raw/production-scip/real_09/production-scip__real_09__rl-gcnn-d5__seed1.json,results/final/ablations/depth/raw/production-scip/real_09/production-scip__real_09__rl-gcnn-d5__seed1.log,results/final/ablations/depth/raw/production-scip/real_09/production-scip__real_09__rl-gcnn-d5__seed1.branches.csv
real_09,test,small,production-scip,rl-gcnn-d5,rl-gcnn,2,optimal,0.0022776,0.0022776,0.0022776,0,3.326023197,0.495699,1.367352,0.871653,1,2025,94.9767621996344,0.721626,0,0,0,0,0,0,0,10746,2668,22075,rlgcnn,estimate,1,30,-1,True,True,0,results/final/ablations/depth/raw/production-scip/real_09/production-scip__real_09__rl-gcnn-d5__seed2.json,results/final/ablations/depth/raw/production-scip/real_09/production-scip__real_09__rl-gcnn-d5__seed2.log,results/final/ablations/depth/raw/production-scip/real_09/production-scip__real_09__rl-gcnn-d5__seed2.branches.csv
real_09,test,small,production-scip,rl-gcnn-d5,rl-gcnn,3,optimal,0.0022776,0.0022776,0.0022776,0,3.686733692,0.524702,1.713735,1.189033,1,2906,111.907499980256,0.810704,0,0,0,0,0,0,0,10746,2668,22075,rlgcnn,estimate,1,30,-1,True,True,0,results/final/ablations/depth/raw/production-scip/real_09/production-scip__real_09__rl-gcnn-d5__seed3.json,results/final/ablations/depth/raw/production-scip/real_09/production-scip__real_09__rl-gcnn-d5__seed3.log,results/final/ablations/depth/raw/production-scip/real_09/production-scip__real_09__rl-gcnn-d5__seed3.branches.csv
real_09,test,small,production-scip,rl-gcnn-d5,rl-gcnn,4,optimal,0.0022776,0.0022776,0.0022776,0,3.487860418,0.494995,1.497623,1.002628,1,2006,99.5433916125414,0.733563,0,0,0,0,0,0,0,10746,2668,22075,rlgcnn,estimate,1,30,-1,True,True,0,results/final/ablations/depth/raw/production-scip/real_09/production-scip__real_09__rl-gcnn-d5__seed4.json,results/final/ablations/depth/raw/production-scip/real_09/production-scip__real_09__rl-gcnn-d5__seed4.log,results/final/ablations/depth/raw/production-scip/real_09/production-scip__real_09__rl-gcnn-d5__seed4.branches.csv
real_09,test,small,production-scip,rl-gcnn-d10,rl-gcnn,0,optimal,0.0022776,0.0022776,0.0022776,0,6.928850944,0.459512,4.973745,4.514233,8,3625,210.391082224386,0.738745,8,2.720064128,0.340008016,1.434686551,0,0,8,10746,2668,22075,rlgcnn,estimate,1,30,-1,True,True,0,results/final/ablations/depth/raw/production-scip/real_09/production-scip__real_09__rl-gcnn-d10__seed0.json,results/final/ablations/depth/raw/production-scip/real_09/production-scip__real_09__rl-gcnn-d10__seed0.log,results/final/ablations/depth/raw/production-scip/real_09/production-scip__real_09__rl-gcnn-d10__seed0.branches.csv
real_09,test,small,production-scip,rl-gcnn-d10,rl-gcnn,1,optimal,0.0022776,0.0022776,0.0022776,0,2.788962362,0.500165,0.814327,0.314162,1,1907,79.9396284789519,0.748513,0,0,0,0,0,0,0,10746,2668,22075,rlgcnn,estimate,1,30,-1,True,True,0,results/final/ablations/depth/raw/production-scip/real_09/production-scip__real_09__rl-gcnn-d10__seed1.json,results/final/ablations/depth/raw/production-scip/real_09/production-scip__real_09__rl-gcnn-d10__seed1.log,results/final/ablations/depth/raw/production-scip/real_09/production-scip__real_09__rl-gcnn-d10__seed1.branches.csv
real_09,test,small,production-scip,rl-gcnn-d10,rl-gcnn,2,optimal,0.0022776,0.0022776,0.0022776,0,3.3275094,0.491892,1.355899,0.864007,1,2025,94.2428720385987,0.716741,0,0,0,0,0,0,0,10746,2668,22075,rlgcnn,estimate,1,30,-1,True,True,0,results/final/ablations/depth/raw/production-scip/real_09/production-scip__real_09__rl-gcnn-d10__seed2.json,results/final/ablations/depth/raw/production-scip/real_09/production-scip__real_09__rl-gcnn-d10__seed2.log,results/final/ablations/depth/raw/production-scip/real_09/production-scip__real_09__rl-gcnn-d10__seed2.branches.csv
real_09,test,small,production-scip,rl-gcnn-d10,rl-gcnn,3,optimal,0.0022776,0.0022776,0.0022776,0,3.681409696,0.494988,1.69263,1.197642,1,2906,109.203516215345,0.781561,0,0,0,0,0,0,0,10746,2668,22075,rlgcnn,estimate,1,30,-1,True,True,0,results/final/ablations/depth/raw/production-scip/real_09/production-scip__real_09__rl-gcnn-d10__seed3.json,results/final/ablations/depth/raw/production-scip/real_09/production-scip__real_09__rl-gcnn-d10__seed3.log,results/final/ablations/depth/raw/production-scip/real_09/production-scip__real_09__rl-gcnn-d10__seed3.branches.csv
real_09,test,small,production-scip,rl-gcnn-d10,rl-gcnn,4,optimal,0.0022776,0.0022776,0.0022776,0,3.493775879,0.497462,1.512122,1.01466,1,2006,100.461945146823,0.739539,0,0,0,0,0,0,0,10746,2668,22075,rlgcnn,estimate,1,30,-1,True,True,0,results/final/ablations/depth/raw/production-scip/real_09/production-scip__real_09__rl-gcnn-d10__seed4.json,results/final/ablations/depth/raw/production-scip/real_09/production-scip__real_09__rl-gcnn-d10__seed4.log,results/final/ablations/depth/raw/production-scip/real_09/production-scip__real_09__rl-gcnn-d10__seed4.branches.csv
real_09,test,small,production-scip,rl-gcnn-d20,rl-gcnn,0,optimal,0.0022776,0.0022776,0.0022776,0,6.947851618,0.455946,4.964508,4.508562,8,3625,209.806819831821,0.734211,8,2.722608336,0.340326042,1.436509765,0,0,8,10746,2668,22075,rlgcnn,estimate,1,30,-1,True,True,0,results/final/ablations/depth/raw/production-scip/real_09/production-scip__real_09__rl-gcnn-d20__seed0.json,results/final/ablations/depth/raw/production-scip/real_09/production-scip__real_09__rl-gcnn-d20__seed0.log,results/final/ablations/depth/raw/production-scip/real_09/production-scip__real_09__rl-gcnn-d20__seed0.branches.csv
real_09,test,small,production-scip,rl-gcnn-d20,rl-gcnn,1,optimal,0.0022776,0.0022776,0.0022776,0,2.742119098,0.494289,0.800204,0.305915,1,1907,78.6323703846925,0.737378,0,0,0,0,0,0,0,10746,2668,22075,rlgcnn,estimate,1,30,-1,True,True,0,results/final/ablations/depth/raw/production-scip/real_09/production-scip__real_09__rl-gcnn-d20__seed1.json,results/final/ablations/depth/raw/production-scip/real_09/production-scip__real_09__rl-gcnn-d20__seed1.log,results/final/ablations/depth/raw/production-scip/real_09/production-scip__real_09__rl-gcnn-d20__seed1.branches.csv
real_09,test,small,production-scip,rl-gcnn-d20,rl-gcnn,2,optimal,0.0022776,0.0022776,0.0022776,0,3.303481591,0.495849,1.365817,0.869968,1,2025,95.02103812597,0.721564,0,0,0,0,0,0,0,10746,2668,22075,rlgcnn,estimate,1,30,-1,True,True,0,results/final/ablations/depth/raw/production-scip/real_09/production-scip__real_09__rl-gcnn-d20__seed2.json,results/final/ablations/depth/raw/production-scip/real_09/production-scip__real_09__rl-gcnn-d20__seed2.log,results/final/ablations/depth/raw/production-scip/real_09/production-scip__real_09__rl-gcnn-d20__seed2.branches.csv
real_09,test,small,production-scip,rl-gcnn-d20,rl-gcnn,3,optimal,0.0022776,0.0022776,0.0022776,0,3.624617411,0.492428,1.683104,1.190676,1,2906,108.821901713816,0.779474,0,0,0,0,0,0,0,10746,2668,22075,rlgcnn,estimate,1,30,-1,True,True,0,results/final/ablations/depth/raw/production-scip/real_09/production-scip__real_09__rl-gcnn-d20__seed3.json,results/final/ablations/depth/raw/production-scip/real_09/production-scip__real_09__rl-gcnn-d20__seed3.log,results/final/ablations/depth/raw/production-scip/real_09/production-scip__real_09__rl-gcnn-d20__seed3.branches.csv
real_09,test,small,production-scip,rl-gcnn-d20,rl-gcnn,4,optimal,0.0022776,0.0022776,0.0022776,0,3.42238438,0.49041,1.490174,0.999764,1,2006,98.9930910129181,0.728631,0,0,0,0,0,0,0,10746,2668,22075,rlgcnn,estimate,1,30,-1,True,True,0,results/final/ablations/depth/raw/production-scip/real_09/production-scip__real_09__rl-gcnn-d20__seed4.json,results/final/ablations/depth/raw/production-scip/real_09/production-scip__real_09__rl-gcnn-d20__seed4.log,results/final/ablations/depth/raw/production-scip/real_09/production-scip__real_09__rl-gcnn-d20__seed4.branches.csv
real_09,test,small,production-scip,rl-gcnn-d50,rl-gcnn,0,optimal,0.0022776,0.0022776,0.0022776,0,6.971227629,0.455263,4.944134,4.488871,8,3625,209.143706331119,0.734071,8,2.702800083,0.337850010375,1.431743017,0,0,8,10746,2668,22075,rlgcnn,estimate,1,30,-1,True,True,0,results/final/ablations/depth/raw/production-scip/real_09/production-scip__real_09__rl-gcnn-d50__seed0.json,results/final/ablations/depth/raw/production-scip/real_09/production-scip__real_09__rl-gcnn-d50__seed0.log,results/final/ablations/depth/raw/production-scip/real_09/production-scip__real_09__rl-gcnn-d50__seed0.branches.csv
real_09,test,small,production-scip,rl-gcnn-d50,rl-gcnn,1,optimal,0.0022776,0.0022776,0.0022776,0,2.773326425,0.492541,0.798155,0.305614,1,1907,78.4364299668505,0.735816,0,0,0,0,0,0,0,10746,2668,22075,rlgcnn,estimate,1,30,-1,True,True,0,results/final/ablations/depth/raw/production-scip/real_09/production-scip__real_09__rl-gcnn-d50__seed1.json,results/final/ablations/depth/raw/production-scip/real_09/production-scip__real_09__rl-gcnn-d50__seed1.log,results/final/ablations/depth/raw/production-scip/real_09/production-scip__real_09__rl-gcnn-d50__seed1.branches.csv
real_09,test,small,production-scip,rl-gcnn-d50,rl-gcnn,2,optimal,0.0022776,0.0022776,0.0022776,0,3.332244665,0.493105,1.358451,0.865346,1,2025,94.4724131459707,0.718777,0,0,0,0,0,0,0,10746,2668,22075,rlgcnn,estimate,1,30,-1,True,True,0,results/final/ablations/depth/raw/production-scip/real_09/production-scip__real_09__rl-gcnn-d50__seed2.json,results/final/ablations/depth/raw/production-scip/real_09/production-scip__real_09__rl-gcnn-d50__seed2.log,results/final/ablations/depth/raw/production-scip/real_09/production-scip__real_09__rl-gcnn-d50__seed2.branches.csv
real_09,test,small,production-scip,rl-gcnn-d50,rl-gcnn,3,optimal,0.0022776,0.0022776,0.0022776,0,3.636776509,0.490807,1.676487,1.18568,1,2906,108.30853283639,0.775399,0,0,0,0,0,0,0,10746,2668,22075,rlgcnn,estimate,1,30,-1,True,True,0,results/final/ablations/depth/raw/production-scip/real_09/production-scip__real_09__rl-gcnn-d50__seed3.json,results/final/ablations/depth/raw/production-scip/real_09/production-scip__real_09__rl-gcnn-d50__seed3.log,results/final/ablations/depth/raw/production-scip/real_09/production-scip__real_09__rl-gcnn-d50__seed3.branches.csv
real_09,test,small,production-scip,rl-gcnn-d50,rl-gcnn,4,optimal,0.0022776,0.0022776,0.0022776,0,3.490336511,0.492674,1.504724,1.01205,1,2006,99.9431290314363,0.734838,0,0,0,0,0,0,0,10746,2668,22075,rlgcnn,estimate,1,30,-1,True,True,0,results/final/ablations/depth/raw/production-scip/real_09/production-scip__real_09__rl-gcnn-d50__seed4.json,results/final/ablations/depth/raw/production-scip/real_09/production-scip__real_09__rl-gcnn-d50__seed4.log,results/final/ablations/depth/raw/production-scip/real_09/production-scip__real_09__rl-gcnn-d50__seed4.branches.csv
real_09,test,small,production-scip,rl-gcnn-unlimited,rl-gcnn,0,optimal,0.0022776,0.0022776,0.0022776,0,6.963570355,0.457961,4.955365,4.497404,8,3625,209.59062657945,0.735502,8,2.714213824,0.339276728,1.435914856,0,0,8,10746,2668,22075,rlgcnn,estimate,1,30,-1,True,True,0,results/final/ablations/depth/raw/production-scip/real_09/production-scip__real_09__rl-gcnn-unlimited__seed0.json,results/final/ablations/depth/raw/production-scip/real_09/production-scip__real_09__rl-gcnn-unlimited__seed0.log,results/final/ablations/depth/raw/production-scip/real_09/production-scip__real_09__rl-gcnn-unlimited__seed0.branches.csv
real_09,test,small,production-scip,rl-gcnn-unlimited,rl-gcnn,1,optimal,0.0022776,0.0022776,0.0022776,0,2.795610639,0.49727,0.805536,0.308266,1,1907,79.1013443832742,0.741616,0,0,0,0,0,0,0,10746,2668,22075,rlgcnn,estimate,1,30,-1,True,True,0,results/final/ablations/depth/raw/production-scip/real_09/production-scip__real_09__rl-gcnn-unlimited__seed1.json,results/final/ablations/depth/raw/production-scip/real_09/production-scip__real_09__rl-gcnn-unlimited__seed1.log,results/final/ablations/depth/raw/production-scip/real_09/production-scip__real_09__rl-gcnn-unlimited__seed1.branches.csv
real_09,test,small,production-scip,rl-gcnn-unlimited,rl-gcnn,2,optimal,0.0022776,0.0022776,0.0022776,0,3.300706799,0.495672,1.366533,0.870861,1,2025,94.9972469271526,0.722712,0,0,0,0,0,0,0,10746,2668,22075,rlgcnn,estimate,1,30,-1,True,True,0,results/final/ablations/depth/raw/production-scip/real_09/production-scip__real_09__rl-gcnn-unlimited__seed2.json,results/final/ablations/depth/raw/production-scip/real_09/production-scip__real_09__rl-gcnn-unlimited__seed2.log,results/final/ablations/depth/raw/production-scip/real_09/production-scip__real_09__rl-gcnn-unlimited__seed2.branches.csv
real_09,test,small,production-scip,rl-gcnn-unlimited,rl-gcnn,3,optimal,0.0022776,0.0022776,0.0022776,0,3.667583713,0.503723,1.701409,1.197686,1,2906,110.193624738002,0.791084,0,0,0,0,0,0,0,10746,2668,22075,rlgcnn,estimate,1,30,-1,True,True,0,results/final/ablations/depth/raw/production-scip/real_09/production-scip__real_09__rl-gcnn-unlimited__seed3.json,results/final/ablations/depth/raw/production-scip/real_09/production-scip__real_09__rl-gcnn-unlimited__seed3.log,results/final/ablations/depth/raw/production-scip/real_09/production-scip__real_09__rl-gcnn-unlimited__seed3.branches.csv
real_09,test,small,production-scip,rl-gcnn-unlimited,rl-gcnn,4,optimal,0.0022776,0.0022776,0.0022776,0,3.474442125,0.495697,1.501716,1.006019,1,2006,99.9186779245315,0.736185,0,0,0,0,0,0,0,10746,2668,22075,rlgcnn,estimate,1,30,-1,True,True,0,results/final/ablations/depth/raw/production-scip/real_09/production-scip__real_09__rl-gcnn-unlimited__seed4.json,results/final/ablations/depth/raw/production-scip/real_09/production-scip__real_09__rl-gcnn-unlimited__seed4.log,results/final/ablations/depth/raw/production-scip/real_09/production-scip__real_09__rl-gcnn-unlimited__seed4.branches.csv
real_04,transfer,large,production-scip,rl-gcnn-d5,rl-gcnn,0,time_limit,,,,,36.501013279,27.366942,30.001715,2.634773,0,0,0,,0,0,0,0,0,0,0,326502,5168,863691,rlgcnn,estimate,1,30,-1,False,False,0,results/final/ablations/depth/raw/production-scip/real_04/production-scip__real_04__rl-gcnn-d5__seed0.json,results/final/ablations/depth/raw/production-scip/real_04/production-scip__real_04__rl-gcnn-d5__seed0.log,results/final/ablations/depth/raw/production-scip/real_04/production-scip__real_04__rl-gcnn-d5__seed0.branches.csv
real_04,transfer,large,production-scip,rl-gcnn-d5,rl-gcnn,1,time_limit,,,,,36.874912684,27.355958,30.006704,2.650746,0,0,0,,0,0,0,0,0,0,0,326502,5168,863691,rlgcnn,estimate,1,30,-1,False,False,0,results/final/ablations/depth/raw/production-scip/real_04/production-scip__real_04__rl-gcnn-d5__seed1.json,results/final/ablations/depth/raw/production-scip/real_04/production-scip__real_04__rl-gcnn-d5__seed1.log,results/final/ablations/depth/raw/production-scip/real_04/production-scip__real_04__rl-gcnn-d5__seed1.branches.csv
real_04,transfer,large,production-scip,rl-gcnn-d5,rl-gcnn,2,time_limit,,,,,36.905641993,27.346868,30.003431,2.656563,0,0,0,,0,0,0,0,0,0,0,326502,5168,863691,rlgcnn,estimate,1,30,-1,False,False,0,results/final/ablations/depth/raw/production-scip/real_04/production-scip__real_04__rl-gcnn-d5__seed2.json,results/final/ablations/depth/raw/production-scip/real_04/production-scip__real_04__rl-gcnn-d5__seed2.log,results/final/ablations/depth/raw/production-scip/real_04/production-scip__real_04__rl-gcnn-d5__seed2.branches.csv
real_04,transfer,large,production-scip,rl-gcnn-d5,rl-gcnn,3,time_limit,,,,,36.905044369,27.351052,30.006337,2.655285,0,0,0,,0,0,0,0,0,0,0,326502,5168,863691,rlgcnn,estimate,1,30,-1,False,False,0,results/final/ablations/depth/raw/production-scip/real_04/production-scip__real_04__rl-gcnn-d5__seed3.json,results/final/ablations/depth/raw/production-scip/real_04/production-scip__real_04__rl-gcnn-d5__seed3.log,results/final/ablations/depth/raw/production-scip/real_04/production-scip__real_04__rl-gcnn-d5__seed3.branches.csv
real_04,transfer,large,production-scip,rl-gcnn-d5,rl-gcnn,4,time_limit,,,,,36.888029339,27.366294,30.008305,2.642011,0,0,0,,0,0,0,0,0,0,0,326502,5168,863691,rlgcnn,estimate,1,30,-1,False,False,0,results/final/ablations/depth/raw/production-scip/real_04/production-scip__real_04__rl-gcnn-d5__seed4.json,results/final/ablations/depth/raw/production-scip/real_04/production-scip__real_04__rl-gcnn-d5__seed4.log,results/final/ablations/depth/raw/production-scip/real_04/production-scip__real_04__rl-gcnn-d5__seed4.branches.csv
real_04,transfer,large,production-scip,rl-gcnn-d10,rl-gcnn,0,time_limit,,,,,36.709268945,26.881438,30.004166,3.122728,0,0,0,,0,0,0,0,0,0,0,326502,5168,863691,rlgcnn,estimate,1,30,-1,False,False,0,results/final/ablations/depth/raw/production-scip/real_04/production-scip__real_04__rl-gcnn-d10__seed0.json,results/final/ablations/depth/raw/production-scip/real_04/production-scip__real_04__rl-gcnn-d10__seed0.log,results/final/ablations/depth/raw/production-scip/real_04/production-scip__real_04__rl-gcnn-d10__seed0.branches.csv
real_04,transfer,large,production-scip,rl-gcnn-d10,rl-gcnn,1,time_limit,,,,,36.856300564,27.360861,30.001676,2.640815,0,0,0,,0,0,0,0,0,0,0,326502,5168,863691,rlgcnn,estimate,1,30,-1,False,False,0,results/final/ablations/depth/raw/production-scip/real_04/production-scip__real_04__rl-gcnn-d10__seed1.json,results/final/ablations/depth/raw/production-scip/real_04/production-scip__real_04__rl-gcnn-d10__seed1.log,results/final/ablations/depth/raw/production-scip/real_04/production-scip__real_04__rl-gcnn-d10__seed1.branches.csv
real_04,transfer,large,production-scip,rl-gcnn-d10,rl-gcnn,2,time_limit,,,,,36.95712194,27.334796,30.007241,2.672445,0,0,0,,0,0,0,0,0,0,0,326502,5168,863691,rlgcnn,estimate,1,30,-1,False,False,0,results/final/ablations/depth/raw/production-scip/real_04/production-scip__real_04__rl-gcnn-d10__seed2.json,results/final/ablations/depth/raw/production-scip/real_04/production-scip__real_04__rl-gcnn-d10__seed2.log,results/final/ablations/depth/raw/production-scip/real_04/production-scip__real_04__rl-gcnn-d10__seed2.branches.csv
real_04,transfer,large,production-scip,rl-gcnn-d10,rl-gcnn,3,time_limit,,,,,36.890636436,27.363289,30.0064,2.643111,0,0,0,,0,0,0,0,0,0,0,326502,5168,863691,rlgcnn,estimate,1,30,-1,False,False,0,results/final/ablations/depth/raw/production-scip/real_04/production-scip__real_04__rl-gcnn-d10__seed3.json,results/final/ablations/depth/raw/production-scip/real_04/production-scip__real_04__rl-gcnn-d10__seed3.log,results/final/ablations/depth/raw/production-scip/real_04/production-scip__real_04__rl-gcnn-d10__seed3.branches.csv
real_04,transfer,large,production-scip,rl-gcnn-d10,rl-gcnn,4,time_limit,,,,,36.921697516,27.333251,30.006425,2.673174,0,0,0,,0,0,0,0,0,0,0,326502,5168,863691,rlgcnn,estimate,1,30,-1,False,False,0,results/final/ablations/depth/raw/production-scip/real_04/production-scip__real_04__rl-gcnn-d10__seed4.json,results/final/ablations/depth/raw/production-scip/real_04/production-scip__real_04__rl-gcnn-d10__seed4.log,results/final/ablations/depth/raw/production-scip/real_04/production-scip__real_04__rl-gcnn-d10__seed4.branches.csv
real_04,transfer,large,production-scip,rl-gcnn-d20,rl-gcnn,0,time_limit,,,,,36.390443557,27.395036,30.00483,2.609794,0,0,0,,0,0,0,0,0,0,0,326502,5168,863691,rlgcnn,estimate,1,30,-1,False,False,0,results/final/ablations/depth/raw/production-scip/real_04/production-scip__real_04__rl-gcnn-d20__seed0.json,results/final/ablations/depth/raw/production-scip/real_04/production-scip__real_04__rl-gcnn-d20__seed0.log,results/final/ablations/depth/raw/production-scip/real_04/production-scip__real_04__rl-gcnn-d20__seed0.branches.csv
real_04,transfer,large,production-scip,rl-gcnn-d20,rl-gcnn,1,time_limit,,,,,36.885816544,27.353921,30.005042,2.651121,0,0,0,,0,0,0,0,0,0,0,326502,5168,863691,rlgcnn,estimate,1,30,-1,False,False,0,results/final/ablations/depth/raw/production-scip/real_04/production-scip__real_04__rl-gcnn-d20__seed1.json,results/final/ablations/depth/raw/production-scip/real_04/production-scip__real_04__rl-gcnn-d20__seed1.log,results/final/ablations/depth/raw/production-scip/real_04/production-scip__real_04__rl-gcnn-d20__seed1.branches.csv
real_04,transfer,large,production-scip,rl-gcnn-d20,rl-gcnn,2,time_limit,,,,,36.968130061,27.355051,30.006926,2.651875,0,0,0,,0,0,0,0,0,0,0,326502,5168,863691,rlgcnn,estimate,1,30,-1,False,False,0,results/final/ablations/depth/raw/production-scip/real_04/production-scip__real_04__rl-gcnn-d20__seed2.json,results/final/ablations/depth/raw/production-scip/real_04/production-scip__real_04__rl-gcnn-d20__seed2.log,results/final/ablations/depth/raw/production-scip/real_04/production-scip__real_04__rl-gcnn-d20__seed2.branches.csv
real_04,transfer,large,production-scip,rl-gcnn-d20,rl-gcnn,3,time_limit,,,,,36.919663045,27.32473,30.00139,2.67666,0,0,0,,0,0,0,0,0,0,0,326502,5168,863691,rlgcnn,estimate,1,30,-1,False,False,0,results/final/ablations/depth/raw/production-scip/real_04/production-scip__real_04__rl-gcnn-d20__seed3.json,results/final/ablations/depth/raw/production-scip/real_04/production-scip__real_04__rl-gcnn-d20__seed3.log,results/final/ablations/depth/raw/production-scip/real_04/production-scip__real_04__rl-gcnn-d20__seed3.branches.csv
real_04,transfer,large,production-scip,rl-gcnn-d20,rl-gcnn,4,time_limit,,,,,36.944076725,27.356845,30.007899,2.651054,0,0,0,,0,0,0,0,0,0,0,326502,5168,863691,rlgcnn,estimate,1,30,-1,False,False,0,results/final/ablations/depth/raw/production-scip/real_04/production-scip__real_04__rl-gcnn-d20__seed4.json,results/final/ablations/depth/raw/production-scip/real_04/production-scip__real_04__rl-gcnn-d20__seed4.log,results/final/ablations/depth/raw/production-scip/real_04/production-scip__real_04__rl-gcnn-d20__seed4.branches.csv
real_04,transfer,large,production-scip,rl-gcnn-d50,rl-gcnn,0,time_limit,,,,,36.48297925,27.386405,30.00514,2.618735,0,0,0,,0,0,0,0,0,0,0,326502,5168,863691,rlgcnn,estimate,1,30,-1,False,False,0,results/final/ablations/depth/raw/production-scip/real_04/production-scip__real_04__rl-gcnn-d50__seed0.json,results/final/ablations/depth/raw/production-scip/real_04/production-scip__real_04__rl-gcnn-d50__seed0.log,results/final/ablations/depth/raw/production-scip/real_04/production-scip__real_04__rl-gcnn-d50__seed0.branches.csv
real_04,transfer,large,production-scip,rl-gcnn-d50,rl-gcnn,1,time_limit,,,,,36.916178495,27.365807,30.005361,2.639554,0,0,0,,0,0,0,0,0,0,0,326502,5168,863691,rlgcnn,estimate,1,30,-1,False,False,0,results/final/ablations/depth/raw/production-scip/real_04/production-scip__real_04__rl-gcnn-d50__seed1.json,results/final/ablations/depth/raw/production-scip/real_04/production-scip__real_04__rl-gcnn-d50__seed1.log,results/final/ablations/depth/raw/production-scip/real_04/production-scip__real_04__rl-gcnn-d50__seed1.branches.csv
real_04,transfer,large,production-scip,rl-gcnn-d50,rl-gcnn,2,time_limit,,,,,36.890287261,27.355098,30.002544,2.647446,0,0,0,,0,0,0,0,0,0,0,326502,5168,863691,rlgcnn,estimate,1,30,-1,False,False,0,results/final/ablations/depth/raw/production-scip/real_04/production-scip__real_04__rl-gcnn-d50__seed2.json,results/final/ablations/depth/raw/production-scip/real_04/production-scip__real_04__rl-gcnn-d50__seed2.log,results/final/ablations/depth/raw/production-scip/real_04/production-scip__real_04__rl-gcnn-d50__seed2.branches.csv
real_04,transfer,large,production-scip,rl-gcnn-d50,rl-gcnn,3,time_limit,,,,,36.931941194,27.345336,30.004064,2.658728,0,0,0,,0,0,0,0,0,0,0,326502,5168,863691,rlgcnn,estimate,1,30,-1,False,False,0,results/final/ablations/depth/raw/production-scip/real_04/production-scip__real_04__rl-gcnn-d50__seed3.json,results/final/ablations/depth/raw/production-scip/real_04/production-scip__real_04__rl-gcnn-d50__seed3.log,results/final/ablations/depth/raw/production-scip/real_04/production-scip__real_04__rl-gcnn-d50__seed3.branches.csv
real_04,transfer,large,production-scip,rl-gcnn-d50,rl-gcnn,4,time_limit,,,,,37.092663554,26.935718,30.005243,3.069525,0,0,0,,0,0,0,0,0,0,0,326502,5168,863691,rlgcnn,estimate,1,30,-1,False,False,0,results/final/ablations/depth/raw/production-scip/real_04/production-scip__real_04__rl-gcnn-d50__seed4.json,results/final/ablations/depth/raw/production-scip/real_04/production-scip__real_04__rl-gcnn-d50__seed4.log,results/final/ablations/depth/raw/production-scip/real_04/production-scip__real_04__rl-gcnn-d50__seed4.branches.csv
real_04,transfer,large,production-scip,rl-gcnn-unlimited,rl-gcnn,0,time_limit,,,,,36.531650553,26.765232,30.003588,3.238356,0,0,0,,0,0,0,0,0,0,0,326502,5168,863691,rlgcnn,estimate,1,30,-1,False,False,0,results/final/ablations/depth/raw/production-scip/real_04/production-scip__real_04__rl-gcnn-unlimited__seed0.json,results/final/ablations/depth/raw/production-scip/real_04/production-scip__real_04__rl-gcnn-unlimited__seed0.log,results/final/ablations/depth/raw/production-scip/real_04/production-scip__real_04__rl-gcnn-unlimited__seed0.branches.csv
real_04,transfer,large,production-scip,rl-gcnn-unlimited,rl-gcnn,1,time_limit,,,,,36.775769203,27.421044,30.005928,2.584884,0,0,0,,0,0,0,0,0,0,0,326502,5168,863691,rlgcnn,estimate,1,30,-1,False,False,0,results/final/ablations/depth/raw/production-scip/real_04/production-scip__real_04__rl-gcnn-unlimited__seed1.json,results/final/ablations/depth/raw/production-scip/real_04/production-scip__real_04__rl-gcnn-unlimited__seed1.log,results/final/ablations/depth/raw/production-scip/real_04/production-scip__real_04__rl-gcnn-unlimited__seed1.branches.csv
real_04,transfer,large,production-scip,rl-gcnn-unlimited,rl-gcnn,2,time_limit,,,,,37.057376259,26.837477,30.005684,3.168207,0,0,0,,0,0,0,0,0,0,0,326502,5168,863691,rlgcnn,estimate,1,30,-1,False,False,0,results/final/ablations/depth/raw/production-scip/real_04/production-scip__real_04__rl-gcnn-unlimited__seed2.json,results/final/ablations/depth/raw/production-scip/real_04/production-scip__real_04__rl-gcnn-unlimited__seed2.log,results/final/ablations/depth/raw/production-scip/real_04/production-scip__real_04__rl-gcnn-unlimited__seed2.branches.csv
real_04,transfer,large,production-scip,rl-gcnn-unlimited,rl-gcnn,3,time_limit,,,,,36.814912692,27.395296,30.006457,2.611161,0,0,0,,0,0,0,0,0,0,0,326502,5168,863691,rlgcnn,estimate,1,30,-1,False,False,0,results/final/ablations/depth/raw/production-scip/real_04/production-scip__real_04__rl-gcnn-unlimited__seed3.json,results/final/ablations/depth/raw/production-scip/real_04/production-scip__real_04__rl-gcnn-unlimited__seed3.log,results/final/ablations/depth/raw/production-scip/real_04/production-scip__real_04__rl-gcnn-unlimited__seed3.branches.csv
real_04,transfer,large,production-scip,rl-gcnn-unlimited,rl-gcnn,4,time_limit,,,,,36.830555198,27.402315,30.004538,2.602223,0,0,0,,0,0,0,0,0,0,0,326502,5168,863691,rlgcnn,estimate,1,30,-1,False,False,0,results/final/ablations/depth/raw/production-scip/real_04/production-scip__real_04__rl-gcnn-unlimited__seed4.json,results/final/ablations/depth/raw/production-scip/real_04/production-scip__real_04__rl-gcnn-unlimited__seed4.log,results/final/ablations/depth/raw/production-scip/real_04/production-scip__real_04__rl-gcnn-unlimited__seed4.branches.csv
real_05,transfer,medium,production-scip,rl-gcnn-d5,rl-gcnn,0,time_limit,,,0.021170315671875,,32.450191701,2.174123,30.014589,27.840466,9,13447,3001.4578,,6,2.747049202,0.457841533666667,1.427199466,3,0,6,39408,3056,97427,rlgcnn,estimate,1,30,-1,False,False,0,results/final/ablations/depth/raw/production-scip/real_05/production-scip__real_05__rl-gcnn-d5__seed0.json,results/final/ablations/depth/raw/production-scip/real_05/production-scip__real_05__rl-gcnn-d5__seed0.log,results/final/ablations/depth/raw/production-scip/real_05/production-scip__real_05__rl-gcnn-d5__seed0.branches.csv
real_05,transfer,medium,production-scip,rl-gcnn-d5,rl-gcnn,1,time_limit,,,0.0211703,,32.498806825,2.50505,30.021317,27.516267,1,14830,3002.1313,,0,0,0,0,0,0,0,39408,3056,97427,rlgcnn,estimate,1,30,-1,False,False,0,results/final/ablations/depth/raw/production-scip/real_05/production-scip__real_05__rl-gcnn-d5__seed1.json,results/final/ablations/depth/raw/production-scip/real_05/production-scip__real_05__rl-gcnn-d5__seed1.log,results/final/ablations/depth/raw/production-scip/real_05/production-scip__real_05__rl-gcnn-d5__seed1.branches.csv
real_05,transfer,medium,production-scip,rl-gcnn-d5,rl-gcnn,2,time_limit,,,0.0211703,,32.834813954,2.489721,30.352764,27.863043,1,15633,3035.2761,,1,0.09296265,0.09296265,0.09296265,0,0,1,39408,3056,97427,rlgcnn,estimate,1,30,-1,False,False,0,results/final/ablations/depth/raw/production-scip/real_05/production-scip__real_05__rl-gcnn-d5__seed2.json,results/final/ablations/depth/raw/production-scip/real_05/production-scip__real_05__rl-gcnn-d5__seed2.log,results/final/ablations/depth/raw/production-scip/real_05/production-scip__real_05__rl-gcnn-d5__seed2.branches.csv
real_05,transfer,medium,production-scip,rl-gcnn-d5,rl-gcnn,3,time_limit,,,0.0211703,,32.699876129,2.525325,30.206719,27.681394,1,13462,3020.6714,,0,0,0,0,0,0,0,39408,3056,97427,rlgcnn,estimate,1,30,-1,False,False,0,results/final/ablations/depth/raw/production-scip/real_05/production-scip__real_05__rl-gcnn-d5__seed3.json,results/final/ablations/depth/raw/production-scip/real_05/production-scip__real_05__rl-gcnn-d5__seed3.log,results/final/ablations/depth/raw/production-scip/real_05/production-scip__real_05__rl-gcnn-d5__seed3.branches.csv
real_05,transfer,medium,production-scip,rl-gcnn-d5,rl-gcnn,4,time_limit,,,0.0211703,,32.487329759,2.52467,30.002091,27.477421,1,14885,3000.2088,,0,0,0,0,0,0,0,39408,3056,97427,rlgcnn,estimate,1,30,-1,False,False,0,results/final/ablations/depth/raw/production-scip/real_05/production-scip__real_05__rl-gcnn-d5__seed4.json,results/final/ablations/depth/raw/production-scip/real_05/production-scip__real_05__rl-gcnn-d5__seed4.log,results/final/ablations/depth/raw/production-scip/real_05/production-scip__real_05__rl-gcnn-d5__seed4.branches.csv
real_05,transfer,medium,production-scip,rl-gcnn-d10,rl-gcnn,0,time_limit,,,0.021170315671875,,32.460513233,2.15768,30.036769,27.879089,14,13555,3003.6752,,11,2.796350071,0.254213642818182,1.428137403,3,0,11,39408,3056,97427,rlgcnn,estimate,1,30,-1,False,False,0,results/final/ablations/depth/raw/production-scip/real_05/production-scip__real_05__rl-gcnn-d10__seed0.json,results/final/ablations/depth/raw/production-scip/real_05/production-scip__real_05__rl-gcnn-d10__seed0.log,results/final/ablations/depth/raw/production-scip/real_05/production-scip__real_05__rl-gcnn-d10__seed0.branches.csv
real_05,transfer,medium,production-scip,rl-gcnn-d10,rl-gcnn,1,time_limit,,,0.0211703,,32.515097912,2.484711,30.05746,27.572749,1,14830,3005.7456,,0,0,0,0,0,0,0,39408,3056,97427,rlgcnn,estimate,1,30,-1,False,False,0,results/final/ablations/depth/raw/production-scip/real_05/production-scip__real_05__rl-gcnn-d10__seed1.json,results/final/ablations/depth/raw/production-scip/real_05/production-scip__real_05__rl-gcnn-d10__seed1.log,results/final/ablations/depth/raw/production-scip/real_05/production-scip__real_05__rl-gcnn-d10__seed1.branches.csv
real_05,transfer,medium,production-scip,rl-gcnn-d10,rl-gcnn,2,time_limit,,,0.0211703,,32.88969611,2.498348,30.407967,27.909619,1,15633,3040.7964,,1,0.110794373,0.110794373,0.110794373,0,0,1,39408,3056,97427,rlgcnn,estimate,1,30,-1,False,False,0,results/final/ablations/depth/raw/production-scip/real_05/production-scip__real_05__rl-gcnn-d10__seed2.json,results/final/ablations/depth/raw/production-scip/real_05/production-scip__real_05__rl-gcnn-d10__seed2.log,results/final/ablations/depth/raw/production-scip/real_05/production-scip__real_05__rl-gcnn-d10__seed2.branches.csv
real_05,transfer,medium,production-scip,rl-gcnn-d10,rl-gcnn,3,time_limit,,,0.0211703,,32.708919159,2.520217,30.229662,27.709445,1,13462,3022.9655,,0,0,0,0,0,0,0,39408,3056,97427,rlgcnn,estimate,1,30,-1,False,False,0,results/final/ablations/depth/raw/production-scip/real_05/production-scip__real_05__rl-gcnn-d10__seed3.json,results/final/ablations/depth/raw/production-scip/real_05/production-scip__real_05__rl-gcnn-d10__seed3.log,results/final/ablations/depth/raw/production-scip/real_05/production-scip__real_05__rl-gcnn-d10__seed3.branches.csv
real_05,transfer,medium,production-scip,rl-gcnn-d10,rl-gcnn,4,time_limit,,,0.0211703,,32.470219378,2.535358,30.000948,27.46559,1,14910,3000.0945,,0,0,0,0,0,0,0,39408,3056,97427,rlgcnn,estimate,1,30,-1,False,False,0,results/final/ablations/depth/raw/production-scip/real_05/production-scip__real_05__rl-gcnn-d10__seed4.json,results/final/ablations/depth/raw/production-scip/real_05/production-scip__real_05__rl-gcnn-d10__seed4.log,results/final/ablations/depth/raw/production-scip/real_05/production-scip__real_05__rl-gcnn-d10__seed4.branches.csv
real_05,transfer,medium,production-scip,rl-gcnn-d20,rl-gcnn,0,optimal,0.0211703,0.0211703,0.0211703,0,30.218429672,2.181079,27.668687,25.487608,18,13898,2764.1896,27.634256,18,2.92029529,0.162238627222222,1.424105508,0,0,18,39408,3056,97427,rlgcnn,estimate,1,30,-1,True,True,0,results/final/ablations/depth/raw/production-scip/real_05/production-scip__real_05__rl-gcnn-d20__seed0.json,results/final/ablations/depth/raw/production-scip/real_05/production-scip__real_05__rl-gcnn-d20__seed0.log,results/final/ablations/depth/raw/production-scip/real_05/production-scip__real_05__rl-gcnn-d20__seed0.branches.csv
real_05,transfer,medium,production-scip,rl-gcnn-d20,rl-gcnn,1,time_limit,,,0.0211703,,32.572087352,2.508488,30.110091,27.601603,1,14830,3011.0087,,0,0,0,0,0,0,0,39408,3056,97427,rlgcnn,estimate,1,30,-1,False,False,0,results/final/ablations/depth/raw/production-scip/real_05/production-scip__real_05__rl-gcnn-d20__seed1.json,results/final/ablations/depth/raw/production-scip/real_05/production-scip__real_05__rl-gcnn-d20__seed1.log,results/final/ablations/depth/raw/production-scip/real_05/production-scip__real_05__rl-gcnn-d20__seed1.branches.csv
real_05,transfer,medium,production-scip,rl-gcnn-d20,rl-gcnn,2,time_limit,,,0.0211703,,32.867424234,2.500837,30.384297,27.88346,1,15633,3038.4294,,1,0.106867853,0.106867853,0.106867853,0,0,1,39408,3056,97427,rlgcnn,estimate,1,30,-1,False,False,0,results/final/ablations/depth/raw/production-scip/real_05/production-scip__real_05__rl-gcnn-d20__seed2.json,results/final/ablations/depth/raw/production-scip/real_05/production-scip__real_05__rl-gcnn-d20__seed2.log,results/final/ablations/depth/raw/production-scip/real_05/production-scip__real_05__rl-gcnn-d20__seed2.branches.csv
real_05,transfer,medium,production-scip,rl-gcnn-d20,rl-gcnn,3,time_limit,,,0.0211703,,32.715439429,2.525671,30.224777,27.699106,1,13462,3022.4772,,0,0,0,0,0,0,0,39408,3056,97427,rlgcnn,estimate,1,30,-1,False,False,0,results/final/ablations/depth/raw/production-scip/real_05/production-scip__real_05__rl-gcnn-d20__seed3.json,results/final/ablations/depth/raw/production-scip/real_05/production-scip__real_05__rl-gcnn-d20__seed3.log,results/final/ablations/depth/raw/production-scip/real_05/production-scip__real_05__rl-gcnn-d20__seed3.branches.csv
real_05,transfer,medium,production-scip,rl-gcnn-d20,rl-gcnn,4,time_limit,,,0.0211703,,32.470799437,2.510947,30.00186,27.490913,1,14910,3000.1856,,0,0,0,0,0,0,0,39408,3056,97427,rlgcnn,estimate,1,30,-1,False,False,0,results/final/ablations/depth/raw/production-scip/real_05/production-scip__real_05__rl-gcnn-d20__seed4.json,results/final/ablations/depth/raw/production-scip/real_05/production-scip__real_05__rl-gcnn-d20__seed4.log,results/final/ablations/depth/raw/production-scip/real_05/production-scip__real_05__rl-gcnn-d20__seed4.branches.csv
real_05,transfer,medium,production-scip,rl-gcnn-d50,rl-gcnn,0,optimal,0.0211703,0.0211703,0.0211703,0,30.109555586,2.158904,27.567094,25.40819,18,13898,2754.084,27.533204,18,2.947526578,0.163751476555556,1.436321256,0,0,18,39408,3056,97427,rlgcnn,estimate,1,30,-1,True,True,0,results/final/ablations/depth/raw/production-scip/real_05/production-scip__real_05__rl-gcnn-d50__seed0.json,results/final/ablations/depth/raw/production-scip/real_05/production-scip__real_05__rl-gcnn-d50__seed0.log,results/final/ablations/depth/raw/production-scip/real_05/production-scip__real_05__rl-gcnn-d50__seed0.branches.csv
real_05,transfer,medium,production-scip,rl-gcnn-d50,rl-gcnn,1,time_limit,,,0.0211703,,32.544845229,2.488858,30.068731,27.579873,1,14830,3006.8728,,0,0,0,0,0,0,0,39408,3056,97427,rlgcnn,estimate,1,30,-1,False,False,0,results/final/ablations/depth/raw/production-scip/real_05/production-scip__real_05__rl-gcnn-d50__seed1.json,results/final/ablations/depth/raw/production-scip/real_05/production-scip__real_05__rl-gcnn-d50__seed1.log,results/final/ablations/depth/raw/production-scip/real_05/production-scip__real_05__rl-gcnn-d50__seed1.branches.csv
real_05,transfer,medium,production-scip,rl-gcnn-d50,rl-gcnn,2,time_limit,,,0.0211703,,32.931525783,2.507452,30.427437,27.919985,1,15633,3042.7433,,1,0.10944373,0.10944373,0.10944373,0,0,1,39408,3056,97427,rlgcnn,estimate,1,30,-1,False,False,0,results/final/ablations/depth/raw/production-scip/real_05/production-scip__real_05__rl-gcnn-d50__seed2.json,results/final/ablations/depth/raw/production-scip/real_05/production-scip__real_05__rl-gcnn-d50__seed2.log,results/final/ablations/depth/raw/production-scip/real_05/production-scip__real_05__rl-gcnn-d50__seed2.branches.csv
real_05,transfer,medium,production-scip,rl-gcnn-d50,rl-gcnn,3,time_limit,,,0.0211703,,33.16320056,2.72558,30.662085,27.936505,1,13462,3066.208,,0,0,0,0,0,0,0,39408,3056,97427,rlgcnn,estimate,1,30,-1,False,False,0,results/final/ablations/depth/raw/production-scip/real_05/production-scip__real_05__rl-gcnn-d50__seed3.json,results/final/ablations/depth/raw/production-scip/real_05/production-scip__real_05__rl-gcnn-d50__seed3.log,results/final/ablations/depth/raw/production-scip/real_05/production-scip__real_05__rl-gcnn-d50__seed3.branches.csv
real_05,transfer,medium,production-scip,rl-gcnn-d50,rl-gcnn,4,time_limit,,,0.0211703,,32.483547452,2.503525,30.002396,27.498871,1,14910,3000.2392,,0,0,0,0,0,0,0,39408,3056,97427,rlgcnn,estimate,1,30,-1,False,False,0,results/final/ablations/depth/raw/production-scip/real_05/production-scip__real_05__rl-gcnn-d50__seed4.json,results/final/ablations/depth/raw/production-scip/real_05/production-scip__real_05__rl-gcnn-d50__seed4.log,results/final/ablations/depth/raw/production-scip/real_05/production-scip__real_05__rl-gcnn-d50__seed4.branches.csv
real_05,transfer,medium,production-scip,rl-gcnn-unlimited,rl-gcnn,0,optimal,0.0211703,0.0211703,0.0211703,0,30.182924312,2.173984,27.571047,25.397063,18,13898,2754.478,27.537133,18,2.870448478,0.159469359888889,1.43902014,0,0,18,39408,3056,97427,rlgcnn,estimate,1,30,-1,True,True,0,results/final/ablations/depth/raw/production-scip/real_05/production-scip__real_05__rl-gcnn-unlimited__seed0.json,results/final/ablations/depth/raw/production-scip/real_05/production-scip__real_05__rl-gcnn-unlimited__seed0.log,results/final/ablations/depth/raw/production-scip/real_05/production-scip__real_05__rl-gcnn-unlimited__seed0.branches.csv
real_05,transfer,medium,production-scip,rl-gcnn-unlimited,rl-gcnn,1,time_limit,,,0.0211703,,32.553437022,2.501817,30.088923,27.587106,1,14830,3008.892,,0,0,0,0,0,0,0,39408,3056,97427,rlgcnn,estimate,1,30,-1,False,False,0,results/final/ablations/depth/raw/production-scip/real_05/production-scip__real_05__rl-gcnn-unlimited__seed1.json,results/final/ablations/depth/raw/production-scip/real_05/production-scip__real_05__rl-gcnn-unlimited__seed1.log,results/final/ablations/depth/raw/production-scip/real_05/production-scip__real_05__rl-gcnn-unlimited__seed1.branches.csv
real_05,transfer,medium,production-scip,rl-gcnn-unlimited,rl-gcnn,2,time_limit,,,0.0211703,,32.911891382,2.520402,30.425076,27.904674,1,15633,3042.5071,,1,0.113758392,0.113758392,0.113758392,0,0,1,39408,3056,97427,rlgcnn,estimate,1,30,-1,False,False,0,results/final/ablations/depth/raw/production-scip/real_05/production-scip__real_05__rl-gcnn-unlimited__seed2.json,results/final/ablations/depth/raw/production-scip/real_05/production-scip__real_05__rl-gcnn-unlimited__seed2.log,results/final/ablations/depth/raw/production-scip/real_05/production-scip__real_05__rl-gcnn-unlimited__seed2.branches.csv
real_05,transfer,medium,production-scip,rl-gcnn-unlimited,rl-gcnn,3,time_limit,,,0.0211703,,32.655252313,2.517819,30.22966,27.711841,1,13462,3022.9654,,0,0,0,0,0,0,0,39408,3056,97427,rlgcnn,estimate,1,30,-1,False,False,0,results/final/ablations/depth/raw/production-scip/real_05/production-scip__real_05__rl-gcnn-unlimited__seed3.json,results/final/ablations/depth/raw/production-scip/real_05/production-scip__real_05__rl-gcnn-unlimited__seed3.log,results/final/ablations/depth/raw/production-scip/real_05/production-scip__real_05__rl-gcnn-unlimited__seed3.branches.csv
real_05,transfer,medium,production-scip,rl-gcnn-unlimited,rl-gcnn,4,time_limit,,,0.0211703,,32.472118492,2.502907,30.00227,27.499363,1,14910,3000.2266,,0,0,0,0,0,0,0,39408,3056,97427,rlgcnn,estimate,1,30,-1,False,False,0,results/final/ablations/depth/raw/production-scip/real_05/production-scip__real_05__rl-gcnn-unlimited__seed4.json,results/final/ablations/depth/raw/production-scip/real_05/production-scip__real_05__rl-gcnn-unlimited__seed4.log,results/final/ablations/depth/raw/production-scip/real_05/production-scip__real_05__rl-gcnn-unlimited__seed4.branches.csv
