1,F0001,T204-X08,M63,370
2,F0001,M60,M59,60
3,F0001,M70,M71,80
4,F0001,M71,T504-X07,280
5,F0001,T204-X13,M63,310
6,F0001,M107,T505-X06G,260
7,F0001,T204-X14,M63,310
8,F0001,M109,T505-X01,250
9,F0001,T204-X12,M63,260
10,F0001,M107,M108,80
11,F0001,M108,T505-X05G,260
12,F0001,T204-X15,M62,250
13,F0001,M109,M110,80
14,F0001,M110,T505-X02,250
15,F0001,B01-X01,M3,410
16,F0001,M146,T201-X01,370
17,F0001,B01-X02,M3,450
18,F0001,M146,T201-X02,360
19,F0001,B01-X03,M4,410
20,F0001,M4,M3,180
21,F0001,M146,T201-X03,330
22,F0001,B01-X04,M4,440
23,F0001,M146,T201-X04,370
24,F0001,B01-X08,M3,460
25,F0001,M146,M147,160
26,F0001,M147,T201-X08,350
27,F0001,B01-X12,M4,530
28,F0001,M147,T201-X12,330
29,F0001,B01-X07,M3,490
30,F0001,M146,T201-X07,420
31,F0001,B01-X16,M3,560
32,F0001,M147,T201-X16,380
33,F0001,B01-X05,M4,490
34,F0001,M146,T201-X05,380
35,F0001,B01-X06,M4,460
36,F0001,M146,T201-X06,400
37,F0001,B01-X15,M3,590
38,F0001,M147,T201-X15,410
39,F0001,B01-X11,M4,510
40,F0001,M147,T201-X11,380
41,F0001,B01-X09,M3,510
42,F0001,M147,T201-X09,290
43,F0001,B01-X18,M3,640
44,F0001,M147,T201-X18,420
45,F0001,B01-X20,M4,630
46,F0001,M147,T201-X20,400
47,F0001,B01-X17,M3,610
48,F0001,M147,T201-X17,440
49,F0001,B01-X14,M4,560
50,F0001,M147,T201-X14,410
51,F0001,B01-X19,M4,610
52,F0001,M147,T201-X19,410
53,F0001,B01-X13,M4,580
54,F0001,M147,T201-X13,400
55,F0001,B01-X10,M3,540
56,F0001,M147,T201-X10,370
57,F0001,B02-X20,M16,640
58,F0001,M22,T202-X20,390
59,F0001,B02-X14,M17,590
60,F0001,M17,M16,90
61,F0001,M22,T202-X14,370
62,F0001,B02-X19,M17,640
63,F0001,M22,T202-X19,370
64,F0001,B02-X13,M16,590
65,F0001,M22,T202-X13,380
66,F0001,T204-X05,M64,350
67,F0001,M70,T504-X06G,290
68,F0001,T255-X03,M11,430
69,F0001,M11,M10,140
70,F0001,M65,F01-X01,300
71,F0001,T204-X07,M63,400
72,F0001,M73,M74,70
73,F0001,M74,T504-X02,310
74,F0001,T204-X04,M64,360
75,F0001,M71,T504-X05G,290
76,F0001,T502-X04,M142,270
77,F0001,M142,M141,80
78,F0001,M41,M42,160
79,F0001,M49,C02-X13,340
80,F0001,T502-X05,M42,370
81,F0001,M49,C02-X14,290
82,F0001,T502-X05G,M140,260
83,F0001,M140,M139,80
84,F0001,M48,C02-X06,270
85,F0001,T502-X06G,M139,260
86,F0001,M48,C02-X07,330
87,F0001,T502-X01,M141,260
88,F0001,M48,C02-X08,320
89,F0001,T502-X02,M142,270
90,F0001,M48,C02-X09,310
91,F0001,T502-X07,M140,250
92,F0001,M48,C02-X10,290
93,F0001,T502-X03,M141,260
94,F0001,M48,C02-X12,280
95,F0001,T502-X08,M139,250
96,F0001,M48,C02-X11,280
97,F0001,B02-X21,M16,660
98,F0001,M48,C02-X01,330
99,F0001,B02-X22,M17,660
100,F0001,M48,C02-X02,310
101,F0001,T301-X04,M150,490
102,F0001,M150,M149,80
103,F0001,M14,C04-X13,490
104,F0001,T301-X05,M150,520
105,F0001,M14,C04-X14,530
106,F0001,T402-X01,M6,570
107,F0001,M48,C02-X15,320
108,F0001,T501-X05G,M121,290
109,F0001,M24,M25,100
110,F0001,M25,M26,160
111,F0001,M28,M29,150
112,F0001,M29,M30,120
113,F0001,M30,M31,180
114,F0001,M31,C01-X06,290
115,F0001,M120,M119,80
116,F0001,M119,M118,150
117,F0001,M143,C01-X14,260
118,F0001,B02-X03,M17,450
119,F0001,M22,M23,180
120,F0001,M23,T202-X03,390
121,F0001,B02-X04,M16,440
122,F0001,M23,T202-X04,370
123,F0001,B02-X05,M16,490
124,F0001,M23,T202-X05,350
125,F0001,B01-X24,M3,680
126,F0001,M27,M26,120
127,F0001,M31,C01-X04,250
128,F0001,T501-X02,M119,330
129,F0001,M31,C01-X09,300
130,F0001,T501-X07,M121,280
131,F0001,M31,C01-X10,300
132,F0001,B01-X25,M3,440
133,F0001,M31,C01-X05,240
134,F0001,T501-X04,M119,330
135,F0001,M143,C01-X13,290
136,F0001,B02-X06,M17,500
137,F0001,M23,T202-X06,340
138,F0001,B02-X07,M18,510
139,F0001,M18,M17,120
140,F0001,M23,T202-X07,330
141,F0001,B02-X08,M18,510
142,F0001,M23,T202-X08,320
143,F0001,B02-X01,M18,460
144,F0001,M23,T202-X01,490
145,F0001,B02-X09,M18,550
146,F0001,M23,T202-X09,370
147,F0001,T501-X01,M120,340
148,F0001,M31,C01-X08,310
149,F0001,T501-X06G,M122,300
150,F0001,M122,M121,80
151,F0001,M31,C01-X07,330
152,F0001,T501-X03,M120,320
153,F0001,M31,C01-X12,280
154,F0001,M31,C01-X15,270
155,F0001,T501-X08,M122,280
156,F0001,M31,C01-X11,290
157,F0001,B02-X02,M18,460
158,F0001,M23,T202-X02,390
159,F0001,D01-X11,M40,320
160,F0001,M40,M39,130
161,F0001,M75,M76,230
162,F0001,M79,T203-X11,470
163,F0001,D01-X12,M40,320
164,F0001,M79,T203-X12,440
165,F0001,B02-X24,M18,670
166,F0001,M48,C02-X04,290
167,F0001,B02-X18,M18,660
168,F0001,M22,T202-X18,360
169,F0001,B02-X10,M18,560
170,F0001,M23,T202-X10,340
171,F0001,B02-X15,M18,610
172,F0001,M22,T202-X15,350
173,F0001,B02-X12,M16,540
174,F0001,M23,T202-X12,380
175,F0001,B02-X16,M18,600
176,F0001,M22,T202-X16,390
177,F0001,B02-X25,M18,360
178,F0001,M48,C02-X05,270
179,F0001,B02-X23,M18,680
180,F0001,M48,C02-X03,300
181,F0001,B02-X11,M17,540
182,F0001,M23,T202-X11,350
183,F0001,B02-X17,M18,650
184,F0001,M22,T202-X17,350
185,F0001,B01-X22,M4,680
186,F0001,M31,C01-X02,270
187,F0001,B01-X23,M3,700
188,F0001,M31,C01-X03,260
189,F0001,B01-X21,M4,700
190,F0001,M31,C01-X01,290
191,F0001,D01-X08,M40,380
192,F0001,M79,M80,130
193,F0001,M80,T203-X08,430
194,F0001,D01-X09,M40,360
195,F0001,M80,T203-X09,380
196,F0001,D01-X07,M40,410
197,F0001,M80,T203-X07,450
198,F0001,D01-X10,M40,340
199,F0001,M79,T203-X10,490
200,F0001,C06-X14,M111,460
201,F0001,M25,M27,140
202,F0001,M5,C07-X10,520
203,F0001,T204-X06,M64,370
204,F0001,M73,T504-X01,300
205,F0001,T204-X10,M63,340
206,F0001,M94,M95,80
207,F0001,M95,T256-X02,290
208,F0001,T204-X01,M55,310
209,F0001,M55,M64,110
210,F0001,M87,F02-X01,240
211,F0001,C06-X09,M113,280
212,F0001,M5,C07-X05,500
213,F0001,C06-X06,M113,310
214,F0001,M5,C07-X02,540
215,F0001,C06-X03,M113,250
216,F0001,M65,M66,120
217,F0001,M67,F01-X05,310
218,F0001,C06-X04,M113,250
219,F0001,C06-X08,M113,300
220,F0001,M5,C07-X04,510
221,F0001,C06-X11,M113,290
222,F0001,M5,C07-X07,550
223,F0001,C06-X15,M113,320
224,F0001,M5,C07-X11,500
225,F0001,T204-X02,M64,300
226,F0001,M87,M88,120
227,F0001,M88,F02-X02,240
228,F0001,C06-X12,M113,310
229,F0001,M5,C07-X08,540
230,F0001,C06-X10,M113,280
231,F0001,M5,C07-X06,490
232,F0001,C06-X02,M113,260
233,F0001,M66,F01-X04,300
234,F0001,C06-X13,M111,410
235,F0001,M5,C07-X09,540
236,F0001,C06-X07,M113,320
237,F0001,M5,C07-X03,520
238,F0001,T204-X03,M64,260
239,F0001,M87,F02-X03,240
240,F0001,T204-X09,M63,310
241,F0001,M95,T256-X01,500
242,F0001,T204-X11,M63,340
243,F0001,M94,T256-X03,370
244,F0001,D01-X32,M35,380
245,F0001,M35,M34,160
246,F0001,M28,C03-X12,330
247,F0001,D01-X34,M35,330
248,F0001,M28,C03-X15,330
249,F0001,T503-X05G,M114,330
250,F0001,M12,M13,230
251,F0001,M13,C04-X01,290
252,F0001,T503-X01,M138,360
253,F0001,M13,C04-X03,280
254,F0001,T503-X07,M114,340
255,F0001,M13,C04-X05,300
256,F0001,D01-X28,M36,370
257,F0001,M36,M35,80
258,F0001,M28,C03-X08,300
259,F0001,D01-X31,M35,410
260,F0001,M28,C03-X11,320
261,F0001,D01-X15,M38,420
262,F0001,M38,M37,130
263,F0001,M79,T203-X15,440
264,F0001,T301-X01,M152,490
265,F0001,M152,M151,70
266,F0001,M13,C04-X10,370
267,F0001,D01-X18,M38,360
268,F0001,M79,T203-X18,420
269,F0001,D01-X29,M36,350
270,F0001,M28,C03-X09,300
271,F0001,D01-X20,M37,440
272,F0001,M79,T203-X20,380
273,F0001,D01-X26,M36,420
274,F0001,M28,C03-X06,330
275,F0001,D01-X19,M38,360
276,F0001,M79,T203-X19,400
277,F0001,D01-X16,M38,400
278,F0001,M79,T203-X16,400
279,F0001,D01-X24,M37,350
280,F0001,M28,C03-X04,310
281,F0001,D01-X30,M36,330
282,F0001,M28,C03-X10,310
283,F0001,D01-X23,M37,360
284,F0001,M28,C03-X03,310
285,F0001,D01-X13,M40,350
286,F0001,M79,T203-X13,460
287,F0001,D01-X22,M37,370
288,F0001,M28,C03-X02,310
289,F0001,D01-X25,M37,340
290,F0001,M28,C03-X05,330
291,F0001,D01-X17,M38,380
292,F0001,M79,T203-X17,450
293,F0001,D01-X21,M37,400
294,F0001,M28,C03-X01,310
295,F0001,D01-X27,M36,390
296,F0001,M28,C03-X07,310
297,F0001,D01-X14,M38,440
298,F0001,M79,T203-X14,460
299,F0001,D01-X33,M35,360
300,F0001,M144,C03-X14,310
301,F0001,D01-X35,M35,320
302,F0001,M144,C03-X13,310
303,F0001,T503-X06G,M114,420
304,F0001,M13,C04-X02,290
305,F0001,T503-X02,M138,280
306,F0001,M13,C04-X04,290
307,F0001,T503-X08,M114,420
308,F0001,M13,C04-X06,320
309,F0001,T503-X03,M138,370
310,F0001,M13,C04-X07,280
311,F0001,T503-X04,M138,290
312,F0001,M13,C04-X08,280
313,F0001,M13,C04-X09,290
314,F0001,M129,M128,190
315,F0001,M124,C05-X03,220
316,F0001,M124,C05-X08,220
317,F0001,M136,M135,160
318,F0001,M124,C05-X11,240
319,F0001,T254-X02,M135,300
320,F0001,M124,C05-X12,250
321,F0001,T301-X03,M151,480
322,F0001,M13,C04-X12,390
323,F0001,T254-X03,M136,220
324,F0001,M137,C05-X13,190
325,F0001,M137,C05-X14,270
326,F0001,M124,C05-X15,320
327,F0001,T403-X01,M24,560
328,F0001,M66,F01-X02,380
329,F0001,C06-X01,M113,270
330,F0001,M65,F01-X03,300
331,F0001,T251-X03,M129,210
332,F0001,M124,C05-X04,230
333,F0001,T301-X07,M152,370
334,F0001,M124,C05-X01,240
335,F0001,M124,C05-X05,300
336,F0001,M131,M130,150
337,F0001,M124,C05-X06,310
338,F0001,T252-X03,M131,290
339,F0001,M124,C05-X07,230
340,F0001,M134,M133,60
341,F0001,M124,C05-X09,240
342,F0001,T253-X03,M134,270
343,F0001,M124,C05-X10,250
344,F0001,M124,C05-X02,200
345,F0001,T301-X02,M152,490
346,F0001,M13,C04-X11,380
347,F0001,T301-X06,M149,510
348,F0001,M13,C04-X15,400
349,F0001,C06-X05,M113,300
350,F0001,M5,C07-X01,550
351,F0001,D02-X23,M99,350
352,F0001,M99,M98,130
353,F0001,M90,F03-X06,370
354,F0001,D02-X27,M104,350
355,F0001,M104,M103,110
356,F0001,M102,M101,70
357,F0001,M101,M100,70
358,F0001,D02-X22,M99,370
359,F0001,M90,M91,100
360,F0001,M91,F03-X05,340
361,F0001,D02-X30,M104,340
362,F0001,M50,M51,120
363,F0001,M51,M52,80
364,F0001,M52,T507-X05G,300
365,F0001,D02-X26,M104,380
366,F0001,D02-X33,M103,380
367,F0001,D02-X32,M103,410
368,F0001,M56,T507-X01,310
369,F0001,D02-X25,M99,290
370,F0001,M82,T506-X06G,300
371,F0001,D02-X29,M104,300
372,F0001,M82,T506-X08,310
373,F0001,D02-X21,M99,400
374,F0001,M92,F03-X04,380
375,F0001,D02-X31,M103,420
376,F0001,M51,T507-X06G,300
377,F0001,D02-X35,M103,340
378,F0001,M51,T507-X08,290
379,F0001,D02-X28,M104,330
380,F0001,M82,M83,80
381,F0001,M83,T506-X07,310
382,F0001,D02-X24,M99,310
383,F0001,M83,T506-X05G,300
384,F0001,D02-X34,M103,360
385,F0001,M52,T507-X07,290
386,F0001,T204-X17,M62,350
387,F0001,M102,D02-X02,380
388,F0001,T204-X20,M62,300
389,F0001,M102,D02-X05,330
390,F0001,T204-X16,M62,310
391,F0001,M102,D02-X01,410
392,F0001,T204-X18,M62,320
393,F0001,M102,D02-X03,360
394,F0001,T204-X19,M62,300
395,F0001,M102,D02-X04,340
396,F0001,D02-X07,M100,410
397,F0001,M89,F02-X05,330
398,F0001,D02-X11,M100,270
399,F0001,M74,T504-X04,250
400,F0001,D02-X16,M98,370
401,F0001,M110,T505-X04,340
402,F0001,D02-X06,M102,330
403,F0001,M88,F02-X04,340
404,F0001,D02-X09,M100,290
405,F0001,M70,T504-X08,230
406,F0001,D02-X13,M101,370
407,F0001,M108,T505-X07,340
408,F0001,D02-X15,M98,390
409,F0001,M109,T505-X03,340
410,F0001,D02-X17,M98,350
411,F0001,M106,T505-X05,380
412,F0001,D02-X18,M98,350
413,F0001,M92,M93,120
414,F0001,M93,F03-X01,370
415,F0001,D02-X08,M100,390
416,F0001,D02-X10,M100,280
417,F0001,M73,T504-X03,240
418,F0001,D02-X14,M98,430
419,F0001,M107,T505-X08,350
420,F0001,D02-X19,M98,350
421,F0001,M92,F03-X02,370
422,F0001,D02-X12,M100,260
423,F0001,M72,T504-X05,280
424,F0001,D02-X20,M99,430
425,F0001,M93,F03-X03,380
426,F0001,D01-X02,M39,380
427,F0001,M80,T203-X02,550
428,F0001,D01-X05,M39,320
429,F0001,M80,T203-X05,480
430,F0001,D01-X06,M39,320
431,F0001,M80,T203-X06,460
432,F0001,D01-X04,M39,340
433,F0001,M80,T203-X04,510
434,F0001,D01-X03,M39,360
435,F0001,M80,T203-X03,520
436,F0001,D01-X01,M39,410
437,F0001,M113,M112,40
438,F0001,M62,M61,40
439,F0001,M48,M47,40
440,F0001,M124,M123,40
441,F0001,M63,M61,60
442,F0001,M60,M61,220
443,F0001,M59,M58,620
444,F0001,M57,M58,790
445,F0001,M68,M57,830
446,F0001,M69,M68,3620
447,F0001,M69,M70,240
448,F0001,M105,M68,440
449,F0001,M105,M106,210
450,F0001,M107,M106,410
451,F0001,M105,M109,150
452,F0001,M3,M2,350
453,F0001,M1,M2,970
454,F0001,M145,M1,720
455,F0001,M146,M145,250
456,F0001,M16,M15,460
457,F0001,M19,M15,1100
458,F0001,M20,M19,1390
459,F0001,M21,M20,1410
460,F0001,M21,M22,840
461,F0001,M64,M63,160
462,F0001,M9,M10,780
463,F0001,M8,M9,410
464,F0001,M7,M8,400
465,F0001,M59,M7,2120
466,F0001,M65,M58,210
467,F0001,M69,M72,360
468,F0001,M73,M72,300
469,F0001,M41,M141,230
470,F0001,M43,M42,330
471,F0001,M44,M43,710
472,F0001,M45,M44,1340
473,F0001,M46,M45,500
474,F0001,M47,M46,1370
475,F0001,M49,M47,430
476,F0001,M43,M139,240
477,F0001,M53,M19,1050
478,F0001,M50,M53,410
479,F0001,M50,M49,290
480,F0001,M148,M149,660
481,F0001,M145,M148,1230
482,F0001,M6,M2,1220
483,F0001,M7,M6,3290
484,F0001,M12,M9,1230
485,F0001,M12,M14,380
486,F0001,M15,M8,350
487,F0001,M118,M121,570
488,F0001,M118,M117,860
489,F0001,M116,M117,420
490,F0001,M20,M116,480
491,F0001,M24,M21,1130
492,F0001,M28,M26,950
493,F0001,M120,T501-X05,710
494,F0001,M143,M30,430
495,F0001,M27,M1,730
496,F0001,M5,T401-X01,1850
497,F0001,M4,M5,1170
498,F0001,M39,M34,130
499,F0001,M33,M34,2590
500,F0001,M32,M33,1350
501,F0001,M32,M96,240
502,F0001,M75,M96,1700
503,F0001,M77,M76,290
504,F0001,M77,M78,1010
505,F0001,M78,M79,230
506,F0001,M112,M111,350
507,F0001,M114,M112,470
508,F0001,M115,M114,520
509,F0001,M116,M115,570
510,F0001,M85,M60,780
511,F0001,M84,M85,1810
512,F0001,M77,M84,1980
513,F0001,M76,M94,270
514,F0001,M86,M85,730
515,F0001,M86,M87,220
516,F0001,M44,M111,1870
517,F0001,M57,M46,980
518,F0001,M67,M66,320
519,F0001,M67,F01-X06,420
520,F0001,M31,M32,2370
521,F0001,M138,M115,160
522,F0001,M36,M37,350
523,F0001,M151,M148,200
524,F0001,M144,M29,510
525,F0001,M138,T503-X05,670
526,F0001,T251-X02,M129,440
527,F0001,M128,M127,510
528,F0001,M126,M127,2030
529,F0001,M125,M126,640
530,F0001,M123,M125,140
531,F0001,M133,T253-X01,470
532,F0001,M132,M133,2160
533,F0001,M126,M132,1250
534,F0001,M136,T254-X01,580
535,F0001,M135,M132,190
536,F0001,M137,M125,200
537,F0001,M10,T255-X01,650
538,F0001,M123,M117,110
539,F0001,T255-X02,M11,720
540,F0001,M54,M53,1020
541,F0001,M55,M54,1220
542,F0001,M130,T252-X01,1400
543,F0001,M127,M130,2350
544,F0001,T252-X02,M131,510
545,F0001,T253-X02,M134,510
546,F0001,M128,T251-X01,420
547,F0001,M97,M98,550
548,F0001,M96,M97,340
549,F0001,M90,M86,420
550,F0001,M102,M103,330
551,F0001,M100,M97,100
552,F0001,T506-X02,M84,490
553,F0001,M33,M41,310
554,F0001,M54,M45,1040
555,F0001,M81,M78,780
556,F0001,T506-X01,M81,710
557,F0001,M56,M50,460
558,F0001,M56,T507-X02,390
559,F0001,M82,M81,290
560,F0001,M92,M91,370
561,F0001,M89,M88,370
562,F0001,M69,M75,1450
563,F0001,M89,F02-X06,430
564,F0001,M80,T203-X01,660
