event,episode,gradient_step,loss,td_error,epsilon,reward,episode_nodes,episode_solving_time,validation_nodes,validation_time,replay_size,q_value_mean,q_value_std,selected_candidate_rank,cpu_memory_mb,gpu_memory_mb,status,instance
train_update,0,50,0.8695244193077087,1.313095211982727,0.9886,,,,,,38,-2.4988021850585938,1.5507421493530273,54.0,1392.60546875,64.423828125,,data/instances/train/real_06.cip
train_update,0,100,0.6121219396591187,1.0119528770446777,0.9772,,,,,,44,-2.4781265258789062,1.1064404249191284,24.0,1393.89453125,64.423828125,,data/instances/train/real_06.cip
train_update,0,150,0.21181854605674744,0.5051360130310059,0.9658,,,,,,50,-3.1335089206695557,0.7788405418395996,1.0,1395.046875,64.423828125,,data/instances/train/real_06.cip
train_update,0,200,0.09851037710905075,0.36222198605537415,0.9544,,,,,,56,-3.201432228088379,0.5441545844078064,2.0,1395.13671875,64.423828125,,data/instances/train/real_06.cip
train_update,0,250,0.03752659633755684,0.21416273713111877,0.9411,,,,,,63,-3.4206979274749756,0.43469753861427307,1.0,1395.2890625,64.423828125,,data/instances/train/real_06.cip
episode,0,296,0.2787834405899048,0.47384029626846313,0.9297,-71.0,72,60.2174,,,70,,,48.6,1371.0703125,64.423828125,timelimit,data/instances/train/real_06.cip
train_update,1,300,0.799604058265686,1.0659594535827637,0.9297,,,,,,70,-6.583830833435059,1.2236424684524536,60.0,1455.10546875,64.423828125,,data/instances/train/real_06.cip
train_update,1,350,0.3036327660083771,0.5314134359359741,0.9183,,,,,,75,-6.346610069274902,0.8922938108444214,76.0,1456.578125,64.423828125,,data/instances/train/real_06.cip
train_update,1,400,0.07458379119634628,0.28309962153434753,0.9069,,,,,,81,-6.4167633056640625,0.7666562795639038,48.0,1456.6796875,64.423828125,,data/instances/train/real_06.cip
train_update,1,450,0.2919018566608429,0.48714619874954224,0.8936,,,,,,88,-6.335186958312988,0.7914552688598633,201.0,1456.7109375,64.423828125,,data/instances/train/real_06.cip
train_update,1,500,0.26710307598114014,0.46661168336868286,0.8822,,,,,,94,-6.286563873291016,0.7367196679115295,55.0,1456.86328125,64.423828125,,data/instances/train/real_06.cip
train_update,1,550,0.3816872835159302,0.6463569402694702,0.8708,,,,,,100,-9.699536323547363,1.136500597000122,175.0,1456.9375,64.423828125,,data/instances/train/real_06.cip
train_update,1,600,0.31862929463386536,0.5161542892456055,0.8594,,,,,,106,-9.929756164550781,1.7024110555648804,1.0,1458.37890625,64.423828125,,data/instances/train/real_06.cip
episode,1,640,0.31069982051849365,0.47764497995376587,0.848,-43.0,44,60.527302,,,113,,,91.51162790697674,1418.0234375,64.423828125,timelimit,data/instances/train/real_06.cip
train_update,2,650,1.1110247373580933,1.3287560939788818,0.8461,,,,,,113,-9.901215553283691,1.8858110904693604,162.0,1447.4765625,64.423828125,,data/instances/train/real_06.cip
train_update,2,700,0.6885992288589478,0.9084725379943848,0.8347,,,,,,119,-10.731882095336914,4.909745216369629,109.0,1447.54296875,64.423828125,,data/instances/train/real_06.cip
train_update,2,750,0.0777416080236435,0.3141140937805176,0.8233,,,,,,125,-11.681142807006836,5.932294845581055,80.0,1447.62109375,64.423828125,,data/instances/train/real_06.cip
train_update,2,800,1.4209463596343994,1.7317240238189697,0.8119000000000001,,,,,,131,-15.307950019836426,7.175507545471191,46.0,1447.69140625,64.423828125,,data/instances/train/real_06.cip
train_update,2,850,0.10578988492488861,0.38298138976097107,0.7986,,,,,,138,-18.02750015258789,9.314817428588867,33.0,1447.98828125,64.423828125,,data/instances/train/real_06.cip
train_update,2,900,0.04034434258937836,0.23266705870628357,0.7872,,,,,,144,-16.664405822753906,9.235696792602539,1.0,1448.05859375,64.423828125,,data/instances/train/real_06.cip
train_update,2,950,0.3879750072956085,0.5905030965805054,0.7758,,,,,,150,-18.489702224731445,10.162861824035645,12.0,1448.12109375,64.423828125,,data/instances/train/real_06.cip
train_update,2,1000,0.36428016424179077,0.5546250343322754,0.7644,,,,,,156,-19.462703704833984,11.575857162475586,2.0,1450.484375,64.423828125,,data/instances/train/real_06.cip
episode,2,1024,1.4545047283172607,1.8707541227340698,0.7568,-49.0,50,60.49064,,,161,,,30.104166666666668,1428.35546875,64.423828125,timelimit,data/instances/train/real_06.cip
validation,3,1024,,,,,,,61.0,28.331559,161,,,,,,optimal,data/instances/validation/real_08.cip
train_update,3,1050,1.4365389347076416,1.765816569328308,0.7511,,,,,,163,-19.799680709838867,10.092137336730957,120.0,1541.5234375,64.423828125,,data/instances/train/real_06.cip
train_update,3,1100,0.0706108808517456,0.30781686305999756,0.7397,,,,,,169,-25.996479034423828,12.443212509155273,1.0,1541.55859375,64.423828125,,data/instances/train/real_06.cip
train_update,3,1150,1.487980842590332,1.6807440519332886,0.7283000000000001,,,,,,175,-28.175479888916016,12.824175834655762,1.0,1541.55859375,64.423828125,,data/instances/train/real_06.cip
train_update,3,1200,1.927345633506775,2.2019948959350586,0.7169000000000001,,,,,,181,-23.011802673339844,12.414749145507812,1.0,1541.65625,64.423828125,,data/instances/train/real_06.cip
train_update,3,1250,0.6417694091796875,0.8510246276855469,0.7036,,,,,,188,-26.23624038696289,13.936257362365723,40.0,1541.796875,64.423828125,,data/instances/train/real_06.cip
train_update,3,1300,0.8785755634307861,1.194949746131897,0.6921999999999999,,,,,,194,-25.51090431213379,12.500454902648926,26.0,1541.796875,64.423828125,,data/instances/train/real_06.cip
episode,3,1336,0.1187237873673439,0.37149709463119507,0.6827,-39.0,40,60.077822,,,200,,,46.46153846153846,1509.69140625,64.423828125,timelimit,data/instances/train/real_06.cip
train_update,4,1350,1.697127103805542,2.0005619525909424,0.6808000000000001,,,,,,200,-30.077211380004883,14.581321716308594,1.0,1510.33984375,64.423828125,,data/instances/train/real_06.cip
train_update,4,1400,1.6613759994506836,1.9006073474884033,0.6694,,,,,,206,-29.922277450561523,14.603178977966309,1.0,1510.3515625,64.423828125,,data/instances/train/real_06.cip
train_update,4,1450,0.09220506250858307,0.34149473905563354,0.6561,,,,,,213,-28.739601135253906,13.80186939239502,32.0,1510.3515625,64.423828125,,data/instances/train/real_06.cip
train_update,4,1500,3.8110480308532715,4.07525110244751,0.6447,,,,,,219,-32.543174743652344,14.397892951965332,1.0,1510.3515625,64.423828125,,data/instances/train/real_06.cip
train_update,4,1550,2.755228281021118,3.1128382682800293,0.6333,,,,,,225,-33.15867614746094,14.949569702148438,105.0,1510.35546875,64.423828125,,data/instances/train/real_06.cip
train_update,4,1600,2.5319018363952637,2.8269553184509277,0.6219,,,,,,231,-39.615325927734375,15.878684997558594,1.0,1510.35546875,64.423828125,,data/instances/train/real_06.cip
train_update,4,1650,5.508339881896973,5.799193859100342,0.6086,,,,,,238,-37.675323486328125,15.410645484924316,1.0,1510.35546875,64.423828125,,data/instances/train/real_06.cip
train_update,4,1700,1.2327632904052734,1.5502859354019165,0.5972,,,,,,244,-38.72523498535156,15.003445625305176,51.0,1510.35546875,64.423828125,,data/instances/train/real_06.cip
episode,4,1720,4.308889389038086,4.5895676612854,0.5915,-47.0,48,60.864461,,,248,,,45.0,1461.125,64.423828125,timelimit,data/instances/train/real_06.cip
train_update,5,1750,0.13614539802074432,0.41148021817207336,0.5858000000000001,,,,,,250,-33.62715148925781,15.841218948364258,1.0,1476.51953125,64.423828125,,data/instances/train/real_06.cip
train_update,5,1800,5.320215702056885,5.679512023925781,0.5744,,,,,,256,-40.764808654785156,14.772577285766602,1.0,1476.640625,64.423828125,,data/instances/train/real_06.cip
train_update,5,1850,5.358824729919434,5.653427600860596,0.5610999999999999,,,,,,263,-42.34044647216797,15.53857421875,1.0,1476.640625,64.423828125,,data/instances/train/real_06.cip
train_update,5,1900,3.8121652603149414,4.219999313354492,0.5497000000000001,,,,,,269,-38.32199478149414,15.945133209228516,1.0,1482.99609375,64.423828125,,data/instances/train/real_06.cip
train_update,5,1950,1.6836471557617188,1.8856397867202759,0.5383,,,,,,275,-38.05882263183594,15.81240463256836,14.0,1483.0,64.423828125,,data/instances/train/real_06.cip
train_update,5,2000,2.5924272537231445,2.834420919418335,0.5269,,,,,,281,-40.67912292480469,14.475366592407227,1.0,1483.0,64.423828125,,data/instances/train/real_06.cip
episode,5,2048,2.189089298248291,2.5212299823760986,0.5136000000000001,-41.0,42,53.772169,,,289,,,9.512195121951219,1483.0,64.423828125,optimal,data/instances/train/real_06.cip
validation,6,2048,,,,,,,51.0,27.067847,289,,,,,,optimal,data/instances/validation/real_08.cip
train_update,6,2050,6.933901786804199,7.2425642013549805,0.5136000000000001,,,,,,289,-40.76172637939453,15.165194511413574,1.0,1560.3359375,64.423828125,,data/instances/train/real_06.cip
train_update,6,2100,0.21059152483940125,0.5148352384567261,0.5022,,,,,,294,-39.87126922607422,16.249296188354492,1.0,1560.3359375,64.423828125,,data/instances/train/real_06.cip
train_update,6,2150,1.842221736907959,2.132519006729126,0.4908,,,,,,300,-42.68836212158203,15.178625106811523,17.0,1560.3359375,64.423828125,,data/instances/train/real_06.cip
train_update,6,2200,7.083395481109619,7.371757507324219,0.47939999999999994,,,,,,306,-45.38191604614258,15.864590644836426,11.0,1560.3359375,64.423828125,,data/instances/train/real_06.cip
train_update,6,2250,0.28018510341644287,0.5950454473495483,0.46609999999999996,,,,,,313,-44.64404296875,13.789573669433594,1.0,1560.3359375,64.423828125,,data/instances/train/real_06.cip
train_update,6,2300,3.887073516845703,4.278164863586426,0.4547000000000001,,,,,,319,-50.26852798461914,15.383698463439941,1.0,1560.3359375,64.423828125,,data/instances/train/real_06.cip
train_update,6,2350,2.1714158058166504,2.486806869506836,0.4433,,,,,,325,-44.21753692626953,16.083681106567383,76.0,1560.3359375,64.423828125,,data/instances/train/real_06.cip
episode,6,2376,1.9970613718032837,2.3235981464385986,0.4357000000000001,-41.0,42,60.765583,,,330,,,15.317073170731707,1560.3359375,64.423828125,timelimit,data/instances/train/real_06.cip
episode,7,2376,1.9970613718032837,2.3235981464385986,0.4357000000000001,0.0,1,14.936594,,,330,,,0.0,1560.3359375,64.423828125,optimal,data/instances/train/real_06.cip
train_update,8,2400,1.9302067756652832,2.2450966835021973,0.43190000000000006,,,,,,331,-45.382293701171875,15.904999732971191,1.0,1560.3359375,64.423828125,,data/instances/train/real_06.cip
train_update,8,2450,2.2017245292663574,2.5227861404418945,0.4186000000000001,,,,,,338,-44.2750244140625,15.588994026184082,166.0,1560.3359375,64.423828125,,data/instances/train/real_06.cip
train_update,8,2500,3.272549629211426,3.60817551612854,0.4072,,,,,,344,-46.333457946777344,14.583785057067871,2.0,1560.3359375,64.423828125,,data/instances/train/real_06.cip
train_update,8,2550,2.3364369869232178,2.7081704139709473,0.39580000000000004,,,,,,350,-49.44470977783203,16.216054916381836,105.0,1560.3359375,64.423828125,,data/instances/train/real_06.cip
train_update,8,2600,1.7913129329681396,2.141963005065918,0.38439999999999996,,,,,,356,-47.062652587890625,17.943443298339844,1.0,1560.3359375,64.423828125,,data/instances/train/real_06.cip
train_update,8,2650,5.378767490386963,5.758546829223633,0.3711,,,,,,363,-50.31951141357422,13.0094633102417,1.0,1560.3359375,64.423828125,,data/instances/train/real_06.cip
episode,8,2696,6.231128692626953,6.556509971618652,0.3597,-39.0,40,60.273936,,,370,,,40.4,1521.73828125,64.423828125,timelimit,data/instances/train/real_06.cip
train_update,9,2700,3.5232908725738525,3.8391337394714355,0.3597,,,,,,370,-48.87594985961914,15.177623748779297,12.0,1521.765625,64.423828125,,data/instances/train/real_06.cip
train_update,9,2750,3.896951198577881,4.275903224945068,0.34829999999999994,,,,,,375,-49.10430908203125,17.78564453125,1.0,1521.765625,64.423828125,,data/instances/train/real_06.cip
train_update,9,2800,3.458765983581543,3.7725558280944824,0.3369000000000001,,,,,,381,-52.69159698486328,16.409841537475586,1.0,1521.765625,64.423828125,,data/instances/train/real_06.cip
train_update,9,2850,1.7525217533111572,2.0367040634155273,0.3236000000000001,,,,,,388,-56.51439666748047,18.744970321655273,50.0,1521.765625,64.423828125,,data/instances/train/real_06.cip
train_update,9,2900,0.7213552594184875,1.1321775913238525,0.31220000000000003,,,,,,394,-53.452484130859375,19.676782608032227,1.0,1521.765625,64.423828125,,data/instances/train/real_06.cip
train_update,9,2950,3.5079257488250732,3.8689377307891846,0.30080000000000007,,,,,,400,-53.14609146118164,17.02320671081543,1.0,1521.765625,64.423828125,,data/instances/train/real_06.cip
train_update,9,3000,5.036962032318115,5.3543477058410645,0.2894,,,,,,406,-53.80668640136719,17.714141845703125,1.0,1521.765625,64.423828125,,data/instances/train/real_06.cip
episode,9,3008,4.442499160766602,4.910472393035889,0.2856000000000001,-38.0,39,60.595182,,,409,,,12.384615384615385,1521.765625,64.423828125,timelimit,data/instances/train/real_06.cip
validation,10,3008,,,,,,,63.0,29.416021,409,,,,,,optimal,data/instances/validation/real_08.cip
train_update,10,3050,1.9061168432235718,2.229004144668579,0.2761,,,,,,413,-59.26201629638672,17.909738540649414,1.0,1536.45703125,64.423828125,,data/instances/train/real_06.cip
train_update,10,3100,0.35083985328674316,0.6713951230049133,0.26470000000000005,,,,,,419,-58.47679138183594,17.16230583190918,16.0,1536.45703125,64.423828125,,data/instances/train/real_06.cip
train_update,10,3150,8.112797737121582,8.519716262817383,0.25329999999999997,,,,,,425,-60.716636657714844,16.85972023010254,1.0,1536.45703125,64.423828125,,data/instances/train/real_06.cip
train_update,10,3200,5.032156467437744,5.414722919464111,0.2419,,,,,,431,-57.81858825683594,15.470459938049316,1.0,1536.45703125,64.423828125,,data/instances/train/real_06.cip
train_update,10,3250,4.824192047119141,5.167991638183594,0.22860000000000003,,,,,,438,-58.31158447265625,18.11761474609375,1.0,1536.45703125,64.423828125,,data/instances/train/real_06.cip
train_update,10,3300,1.8721216917037964,2.2223567962646484,0.21720000000000006,,,,,,444,-59.55375671386719,16.599454879760742,12.0,1536.45703125,64.423828125,,data/instances/train/real_06.cip
episode,10,3344,3.556131601333618,3.970038890838623,0.2058000000000001,-44.0,45,60.415645,,,451,,,6.880952380952381,1505.01953125,64.423828125,timelimit,data/instances/train/real_06.cip
train_update,11,3350,4.833211898803711,5.178147315979004,0.2058000000000001,,,,,,451,-55.170387268066406,20.057966232299805,1.0,1505.01953125,64.423828125,,data/instances/train/real_06.cip
train_update,11,3400,0.31229811906814575,0.639824628829956,0.19440000000000002,,,,,,456,-60.825035095214844,17.383886337280273,1.0,1505.01953125,64.423828125,,data/instances/train/real_06.cip
train_update,11,3450,1.6736271381378174,2.0008950233459473,0.18110000000000004,,,,,,463,-64.36876678466797,15.604945182800293,1.0,1505.01953125,64.423828125,,data/instances/train/real_06.cip
train_update,11,3500,5.326994895935059,5.6767988204956055,0.16970000000000007,,,,,,469,-52.876869201660156,14.853144645690918,1.0,1505.01953125,64.423828125,,data/instances/train/real_06.cip
train_update,11,3550,0.36133813858032227,0.751327395439148,0.1583,,,,,,475,-56.689056396484375,22.269210815429688,43.0,1505.01953125,64.423828125,,data/instances/train/real_06.cip
train_update,11,3600,1.6053105592727661,1.9374140501022339,0.14690000000000003,,,,,,481,-60.16648864746094,16.815732955932617,1.0,1505.01953125,64.423828125,,data/instances/train/real_06.cip
train_update,11,3650,1.1699271202087402,1.5510492324829102,0.13360000000000005,,,,,,490,-62.06437301635742,18.455888748168945,1.0,1505.01953125,64.423828125,,data/instances/train/real_06.cip
episode,11,3656,1.6597810983657837,1.9867374897003174,0.13170000000000004,-40.0,41,60.125099,,,490,,,6.512820512820513,1505.01953125,64.423828125,timelimit,data/instances/train/real_06.cip
train_update,12,3700,2.8828508853912354,3.223442554473877,0.12219999999999998,,,,,,494,-62.3248291015625,19.57996940612793,1.0,1505.01953125,64.423828125,,data/instances/train/real_06.cip
train_update,12,3750,7.438198566436768,7.814772129058838,0.11080000000000001,,,,,,500,-59.745704650878906,25.311548233032227,1.0,1505.01953125,64.423828125,,data/instances/train/real_06.cip
train_update,12,3800,1.2106122970581055,1.5727238655090332,0.09940000000000004,,,,,,506,-66.5880126953125,15.00808048248291,85.0,1505.01953125,64.423828125,,data/instances/train/real_06.cip
train_update,12,3850,5.656776428222656,6.055542945861816,0.08610000000000007,,,,,,513,-58.72977828979492,22.977632522583008,1.0,1505.01953125,64.423828125,,data/instances/train/real_06.cip
train_update,12,3900,3.374727725982666,3.7190537452697754,0.0747000000000001,,,,,,519,-72.0037841796875,21.485157012939453,1.0,1505.01953125,64.423828125,,data/instances/train/real_06.cip
train_update,12,3950,4.947242736816406,5.307131767272949,0.06330000000000002,,,,,,525,-61.2923469543457,26.382062911987305,8.0,1505.01953125,64.423828125,,data/instances/train/real_06.cip
train_update,12,4000,2.9626169204711914,3.335082530975342,0.05190000000000006,,,,,,531,-64.35723114013672,26.21528434753418,1.0,1505.01953125,64.423828125,,data/instances/train/real_06.cip
episode,12,4016,2.3215785026550293,2.740206003189087,0.050000000000000044,-48.0,49,60.396162,,,535,,,3.888888888888889,1505.01953125,64.423828125,timelimit,data/instances/train/real_06.cip
validation,13,4016,,,,,,,64.0,29.386169,535,,,,,,optimal,data/instances/validation/real_08.cip
train_update,13,4050,7.277196407318115,7.642656326293945,0.050000000000000044,,,,,,538,-65.441162109375,22.04429054260254,1.0,1531.43359375,64.423828125,,data/instances/train/real_06.cip
train_update,13,4100,3.234745502471924,3.6408567428588867,0.050000000000000044,,,,,,544,-63.12834548950195,28.589994430541992,1.0,1531.43359375,64.423828125,,data/instances/train/real_06.cip
train_update,13,4150,2.9706103801727295,3.3428361415863037,0.050000000000000044,,,,,,550,-63.79951858520508,31.402122497558594,1.0,1531.43359375,64.423828125,,data/instances/train/real_06.cip
train_update,13,4200,1.9586941003799438,2.290013313293457,0.050000000000000044,,,,,,556,-75.280029296875,25.696468353271484,1.0,1531.43359375,64.423828125,,data/instances/train/real_06.cip
train_update,13,4250,5.625446319580078,6.037148952484131,0.050000000000000044,,,,,,563,-67.04608154296875,21.20343017578125,1.0,1531.43359375,64.423828125,,data/instances/train/real_06.cip
episode,13,4288,2.7217800617218018,3.1456732749938965,0.050000000000000044,-34.0,35,60.069445,,,569,,,8.852941176470589,1531.43359375,64.423828125,timelimit,data/instances/train/real_06.cip
train_update,14,4300,7.944511413574219,8.352391242980957,0.050000000000000044,,,,,,569,-71.41737365722656,22.21407127380371,1.0,1536.65625,64.423828125,,data/instances/train/real_06.cip
train_update,14,4350,10.473851203918457,10.896475791931152,0.050000000000000044,,,,,,575,-77.7958984375,24.883468627929688,1.0,1536.65625,64.423828125,,data/instances/train/real_06.cip
train_update,14,4400,5.6864166259765625,6.131358623504639,0.050000000000000044,,,,,,581,-67.67630004882812,26.759958267211914,1.0,1536.65625,64.423828125,,data/instances/train/real_06.cip
train_update,14,4450,3.4099841117858887,3.8044164180755615,0.050000000000000044,,,,,,588,-73.19660949707031,22.0647029876709,1.0,1536.65625,64.423828125,,data/instances/train/real_06.cip
train_update,14,4500,2.1085636615753174,2.4996001720428467,0.050000000000000044,,,,,,594,-66.37657928466797,25.177467346191406,1.0,1536.65625,64.423828125,,data/instances/train/real_06.cip
episode,14,4520,5.708187580108643,6.057840347290039,0.050000000000000044,-28.0,29,60.840179,,,598,,,6.413793103448276,1536.65625,64.423828125,timelimit,data/instances/train/real_06.cip
train_update,15,4550,7.602705001831055,8.007794380187988,0.050000000000000044,,,,,,600,-59.177303314208984,25.325672149658203,1.0,1536.65625,64.423828125,,data/instances/train/real_06.cip
train_update,15,4600,1.1724627017974854,1.6095871925354004,0.050000000000000044,,,,,,606,-70.67937469482422,27.560985565185547,1.0,1536.65625,64.423828125,,data/instances/train/real_06.cip
train_update,15,4650,4.939520359039307,5.2587056159973145,0.050000000000000044,,,,,,613,-80.92352294921875,26.76517677307129,1.0,1536.65625,64.423828125,,data/instances/train/real_06.cip
train_update,15,4700,6.45943546295166,6.86384391784668,0.050000000000000044,,,,,,619,-62.42384719848633,22.66366958618164,17.0,1536.65625,64.423828125,,data/instances/train/real_06.cip
train_update,15,4750,1.7983496189117432,2.192610502243042,0.050000000000000044,,,,,,625,-65.01083374023438,28.412517547607422,1.0,1536.65625,64.423828125,,data/instances/train/real_06.cip
episode,15,4776,0.9209401607513428,1.31439208984375,0.050000000000000044,-31.0,32,60.671576,,,630,,,3.40625,1536.65625,64.423828125,timelimit,data/instances/train/real_06.cip
train_update,16,4800,0.532809317111969,0.8729122281074524,0.050000000000000044,,,,,,631,-68.56669616699219,32.12920379638672,1.0,1536.65625,64.423828125,,data/instances/train/real_06.cip
train_update,16,4850,3.115478038787842,3.5183732509613037,0.050000000000000044,,,,,,638,-66.37847900390625,25.737024307250977,1.0,1536.65625,64.423828125,,data/instances/train/real_06.cip
train_update,16,4900,6.373140335083008,6.684946060180664,0.050000000000000044,,,,,,644,-60.29386520385742,28.004560470581055,1.0,1536.65625,64.423828125,,data/instances/train/real_06.cip
train_update,16,4950,0.3396214246749878,0.7307760715484619,0.050000000000000044,,,,,,650,-68.08134460449219,31.841400146484375,1.0,1536.65625,64.423828125,,data/instances/train/real_06.cip
train_update,16,5000,2.533798933029175,2.8899545669555664,0.050000000000000044,,,,,,656,-76.35647583007812,28.877681732177734,1.0,1536.65625,64.423828125,,data/instances/train/real_06.cip
episode,16,5000,2.533798933029175,2.8899545669555664,0.050000000000000044,-57.0,58,60.005395,,,687,,,4.543859649122807,1536.65625,64.423828125,timelimit,data/instances/train/real_06.cip
validation,17,5000,,,,,,,63.0,29.189839,687,,,,,,optimal,data/instances/validation/real_08.cip
