instance_id,method,seed,scip_version,status,objective,business_objective,primal_bound,dual_bound,final_gap,wall_clock_time,presolve_time,solving_time,solve_time_after_presolve,nodes,lp_iterations,primal_dual_integral,first_solution_time,number_of_variables,number_of_integer_variables,number_of_constraints,active_branching_rule,branchrule_calls,node_selection_rule,threads,time_limit,node_limit,has_solution,solution_feasible,return_code,json_path,log_path
1,default,0,8.0.4,time_limit,,,,2.93411,,30.675639269,2.135709,30.014816,27.879107,2,17237,3001.4812,,52708,1700,135556,relpscost,2,estimate,1,30,-1,False,False,0,results/baseline/raw/instance_1_default_seed0.json,results/baseline/raw/instance_1_default_seed0.log
1,relpscost,0,8.0.4,time_limit,,,,2.93411,,30.899048467,2.132226,30.017795,27.885569,2,17237,3001.7791,,52708,1700,135556,relpscost,2,estimate,1,30,-1,False,False,0,results/baseline/raw/instance_1_relpscost_seed0.json,results/baseline/raw/instance_1_relpscost_seed0.log
1,random,0,8.0.4,time_limit,,,,2.93411,,30.77567642,2.136704,30.090156,27.953452,49,19437,3009.015,,52708,1700,135556,random,49,estimate,1,30,-1,False,False,0,results/baseline/raw/instance_1_random_seed0.json,results/baseline/raw/instance_1_random_seed0.log
1,mostinf,0,8.0.4,time_limit,2.93418992,,2.93418992,2.93411,2.72382426017164e-05,30.789691842,2.122442,30.005998,27.883556,27,20071,2936.74683923154,29.364172,52708,1700,135556,mostinf,27,estimate,1,30,-1,True,True,0,results/baseline/raw/instance_1_mostinf_seed0.json,results/baseline/raw/instance_1_mostinf_seed0.log
2,default,0,8.0.4,time_limit,,,,3.13736,,31.748533594,5.903015,30.102021,24.199006,1,45039,3010.2017,,83878,1924,214744,relpscost,0,estimate,1,30,-1,False,False,0,results/baseline/raw/instance_2_default_seed0.json,results/baseline/raw/instance_2_default_seed0.log
2,relpscost,0,8.0.4,time_limit,,,,3.13736,,31.271814674,5.905845,30.036833,24.130988,1,45039,3003.6828,,83878,1924,214744,relpscost,0,estimate,1,30,-1,False,False,0,results/baseline/raw/instance_2_relpscost_seed0.json,results/baseline/raw/instance_2_relpscost_seed0.log
2,random,0,8.0.4,time_limit,,,,3.13736,,31.594585352,5.857622,30.036886,24.179264,1,45039,3003.6882,,83878,1924,214744,random,0,estimate,1,30,-1,False,False,0,results/baseline/raw/instance_2_random_seed0.json,results/baseline/raw/instance_2_random_seed0.log
2,mostinf,0,8.0.4,time_limit,,,,3.13736,,31.274607401,5.933268,30.034848,24.10158,1,45039,3003.4843,,83878,1924,214744,mostinf,0,estimate,1,30,-1,False,False,0,results/baseline/raw/instance_2_mostinf_seed0.json,results/baseline/raw/instance_2_mostinf_seed0.log
3,default,0,8.0.4,time_limit,,,,0.32225,,30.796640423,9.968152,30.095097,20.126945,1,13802,3009.5094,,41390,3792,100803,relpscost,1,estimate,1,30,-1,False,False,0,results/baseline/raw/instance_3_default_seed0.json,results/baseline/raw/instance_3_default_seed0.log
3,relpscost,0,8.0.4,time_limit,,,,0.32225,,30.764874634,9.99497,30.073109,20.078139,1,13802,3007.3106,,41390,3792,100803,relpscost,1,estimate,1,30,-1,False,False,0,results/baseline/raw/instance_3_relpscost_seed0.json,results/baseline/raw/instance_3_relpscost_seed0.log
3,random,0,8.0.4,time_limit,,,,0.32225,,30.589124798,9.988251,30.057709,20.069458,1,13802,3005.7706,,41390,3792,100803,random,1,estimate,1,30,-1,False,False,0,results/baseline/raw/instance_3_random_seed0.json,results/baseline/raw/instance_3_random_seed0.log
3,mostinf,0,8.0.4,time_limit,,,,0.32225,,30.620801143,9.897434,30.087768,20.190334,1,13802,3008.7764,,41390,3792,100803,mostinf,1,estimate,1,30,-1,False,False,0,results/baseline/raw/instance_3_mostinf_seed0.json,results/baseline/raw/instance_3_mostinf_seed0.log
4,default,0,8.0.4,time_limit,,,,,,34.152863522,27.362153,30.003079,2.640926,0,0,0,,326502,5168,863691,relpscost,0,estimate,1,30,-1,False,False,0,results/baseline/raw/instance_4_default_seed0.json,results/baseline/raw/instance_4_default_seed0.log
4,relpscost,0,8.0.4,time_limit,,,,,,35.294902019,27.397224,30.002665,2.605441,0,0,0,,326502,5168,863691,relpscost,0,estimate,1,30,-1,False,False,0,results/baseline/raw/instance_4_relpscost_seed0.json,results/baseline/raw/instance_4_relpscost_seed0.log
4,random,0,8.0.4,time_limit,,,,,,34.163071233,27.379592,30.006247,2.626655,0,0,0,,326502,5168,863691,random,0,estimate,1,30,-1,False,False,0,results/baseline/raw/instance_4_random_seed0.json,results/baseline/raw/instance_4_random_seed0.log
4,mostinf,0,8.0.4,time_limit,,,,,,35.426591021,27.392529,30.002954,2.610425,0,0,0,,326502,5168,863691,mostinf,0,estimate,1,30,-1,False,False,0,results/baseline/raw/instance_4_mostinf_seed0.json,results/baseline/raw/instance_4_mostinf_seed0.log
5,default,0,8.0.4,time_limit,,,,0.021170315671875,,30.739913355,2.167428,30.007787,27.840359,6,13131,3000.7783,,39408,3056,97427,relpscost,6,estimate,1,30,-1,False,False,0,results/baseline/raw/instance_5_default_seed0.json,results/baseline/raw/instance_5_default_seed0.log
5,relpscost,0,8.0.4,time_limit,,,,0.021170315671875,,30.526811671,2.169453,30.006502,27.837049,6,13131,3000.6498,,39408,3056,97427,relpscost,6,estimate,1,30,-1,False,False,0,results/baseline/raw/instance_5_relpscost_seed0.json,results/baseline/raw/instance_5_relpscost_seed0.log
5,random,0,8.0.4,optimal,0.0211703,0.022564,0.0211703,0.0211703,0,27.654740879,2.175016,27.058632,24.883616,97,13733,2705.232,27.045638,39408,3056,97427,random,94,estimate,1,30,-1,True,True,0,results/baseline/raw/instance_5_random_seed0.json,results/baseline/raw/instance_5_random_seed0.log
5,mostinf,0,8.0.4,time_limit,0.0211704998,,0.0211704998,0.021170315671875,8.69746714460355e-06,30.628003347,2.173248,30.025453,27.852205,136,14226,2719.51596163228,27.188791,39408,3056,97427,mostinf,123,estimate,1,30,-1,True,True,0,results/baseline/raw/instance_5_mostinf_seed0.json,results/baseline/raw/instance_5_mostinf_seed0.log
6,default,0,8.0.4,optimal,0.0093259,0.0097995,0.0093259,0.0093259,0,27.350410786,1.129069,27.040274,25.911205,29,7710,2703.6987,27.035258,20682,2708,48140,relpscost,29,estimate,1,30,-1,True,True,0,results/baseline/raw/instance_6_default_seed0.json,results/baseline/raw/instance_6_default_seed0.log
6,relpscost,0,8.0.4,optimal,0.0093259,0.0097995,0.0093259,0.0093259,0,27.458596133,1.131079,27.028802,25.897723,29,7710,2702.5474,27.023699,20682,2708,48140,relpscost,29,estimate,1,30,-1,True,True,0,results/baseline/raw/instance_6_relpscost_seed0.json,results/baseline/raw/instance_6_relpscost_seed0.log
6,random,0,8.0.4,optimal,0.0093259,0.0097995,0.0093259,0.0093259,0,11.982767041,1.133998,11.676597,10.542599,6,7585,1166.2768,11.660623,20682,2708,48140,random,6,estimate,1,30,-1,True,True,0,results/baseline/raw/instance_6_random_seed0.json,results/baseline/raw/instance_6_random_seed0.log
6,mostinf,0,8.0.4,optimal,0.0093259,0.0097995,0.0093259,0.0093259,0,12.721190667,1.138772,12.345566,11.206794,59,7413,1233.6437,12.327342,20682,2708,48140,mostinf,50,estimate,1,30,-1,True,True,0,results/baseline/raw/instance_6_mostinf_seed0.json,results/baseline/raw/instance_6_mostinf_seed0.log
7,default,0,8.0.4,time_limit,,,,0.0106134686000812,,30.523121935,2.110173,30.016938,27.906765,1,8868,3001.6929,,38100,3036,93965,relpscost,0,estimate,1,30,-1,False,False,0,results/baseline/raw/instance_7_default_seed0.json,results/baseline/raw/instance_7_default_seed0.log
7,relpscost,0,8.0.4,time_limit,,,,0.0106134686000812,,30.566156323,2.091648,30.06184,27.970192,1,9164,3006.1837,,38100,3036,93965,relpscost,1,estimate,1,30,-1,False,False,0,results/baseline/raw/instance_7_relpscost_seed0.json,results/baseline/raw/instance_7_relpscost_seed0.log
7,random,0,8.0.4,time_limit,,,,0.0106134686000812,,30.730541995,2.1042,30.025291,27.921091,1,8868,3002.5288,,38100,3036,93965,random,1,estimate,1,30,-1,False,False,0,results/baseline/raw/instance_7_random_seed0.json,results/baseline/raw/instance_7_random_seed0.log
7,mostinf,0,8.0.4,time_limit,,,,0.0106134686000812,,30.755981757,2.089585,30.029357,27.939772,1,8868,3002.9355,,38100,3036,93965,mostinf,0,estimate,1,30,-1,False,False,0,results/baseline/raw/instance_7_mostinf_seed0.json,results/baseline/raw/instance_7_mostinf_seed0.log
8,default,0,8.0.4,optimal,0.0096121,0.0103411,0.0096121,0.0096121,0,28.83100787,1.43911,28.271785,26.832675,12,13136,2825.8433,28.246484,27094,2880,65069,relpscost,11,estimate,1,30,-1,True,True,0,results/baseline/raw/instance_8_default_seed0.json,results/baseline/raw/instance_8_default_seed0.log
8,relpscost,0,8.0.4,optimal,0.0096121,0.0103411,0.0096121,0.0096121,0,28.813295628,1.439692,28.266294,26.826602,12,13136,2825.2859,28.240969,27094,2880,65069,relpscost,11,estimate,1,30,-1,True,True,0,results/baseline/raw/instance_8_relpscost_seed0.json,results/baseline/raw/instance_8_relpscost_seed0.log
8,random,0,8.0.4,time_limit,0.0108285823,,0.0108285823,0.0096121,0.126557391204836,30.46446282,1.438654,30.062144,28.62349,23,23148,1963.36770635175,18.311227,27094,2880,65069,random,23,estimate,1,30,-1,True,True,0,results/baseline/raw/instance_8_random_seed0.json,results/baseline/raw/instance_8_random_seed0.log
8,mostinf,0,8.0.4,optimal,0.0096121,0.0103411,0.0096121,0.0096121,0,20.049722379,1.432204,19.653175,18.220971,81,13553,1964.6791,19.642395,27094,2880,65069,mostinf,73,estimate,1,30,-1,True,True,0,results/baseline/raw/instance_8_mostinf_seed0.json,results/baseline/raw/instance_8_mostinf_seed0.log
9,default,0,8.0.4,optimal,0.0022776,0.0025445,0.0022776,0.0022776,0,4.091064817,0.458596,3.94603,3.487434,9,3596,178.021480106951,0.739331,10746,2668,22075,relpscost,10,estimate,1,30,-1,True,True,0,results/baseline/raw/instance_9_default_seed0.json,results/baseline/raw/instance_9_default_seed0.log
9,relpscost,0,8.0.4,optimal,0.0022776,0.0025445,0.0022776,0.0022776,0,4.099837932,0.458363,3.954993,3.49663,9,3596,178.373874882019,0.739928,10746,2668,22075,relpscost,10,estimate,1,30,-1,True,True,0,results/baseline/raw/instance_9_relpscost_seed0.json,results/baseline/raw/instance_9_relpscost_seed0.log
9,random,0,8.0.4,optimal,0.0022776,0.0025445,0.0022776,0.0022776,0,2.205467287,0.456963,2.059885,1.602922,4,3655,118.640932743749,0.738509,10746,2668,22075,random,4,estimate,1,30,-1,True,True,0,results/baseline/raw/instance_9_random_seed0.json,results/baseline/raw/instance_9_random_seed0.log
9,mostinf,0,8.0.4,optimal,0.0022776,0.0025445,0.0022776,0.0022776,0,2.191104654,0.455033,2.046677,1.591644,12,3583,118.170545430918,0.737246,10746,2668,22075,mostinf,11,estimate,1,30,-1,True,True,0,results/baseline/raw/instance_9_mostinf_seed0.json,results/baseline/raw/instance_9_mostinf_seed0.log
9,strong,0,8.0.4,optimal,0.0022776,0.0025445,0.0022776,0.0022776,0,10.884863147,0.456551,10.660482,10.203931,18,3622,389.255715716687,0.736633,10746,2668,22075,fullstrong,19,estimate,1,30,-1,True,True,0,results/baseline/raw/instance_9_strong_seed0.json,results/baseline/raw/instance_9_strong_seed0.log
